customer_id,first_name,last_name,city,signup_date
1,David,Smith,Liverpool,2024-09-07
2,Sofia,Brown,Manchester,2025-11-23
3,Charlie,Walker,Glasgow,2024-02-02
4,Alice,Johnson,Leeds,2024-08-26
5,Alice,Roberts,Leeds,2025-10-27
6,Grace,Taylor,Edinburgh,2025-08-26
7,Liam,Smith,Birmingham,2025-12-15
8,Grace,Davies,Liverpool,2024-06-08
9,James,Davies,Manchester,2024-04-04
10,Ethan,Johnson,Bristol,2024-12-18
11,Liam,Smith,Edinburgh,2025-07-03
12,David,Evans,Manchester,2025-07-19
13,Mia,Walker,Bristol,2025-08-14
14,James,Johnson,London,2025-11-08
15,Sofia,Wilson,Manchester,2024-08-26
16,David,Evans,Liverpool,2025-04-09
17,Isla,Brown,Bristol,2024-12-29
18,James,Wilson,Manchester,2025-09-15
19,Olivia,Roberts,Leeds,2024-06-16
20,Leo,Evans,Liverpool,2025-10-17
21,Sofia,Davies,London,2024-08-22
22,Bob,Davies,Glasgow,2024-10-01
23,Charlie,Taylor,Nottingham,2024-11-18
24,James,Thomas,Glasgow,2025-10-20
25,Leo,Brown,Liverpool,2024-05-22
26,Sofia,Roberts,Cardiff,2024-09-26
27,Grace,Walker,Glasgow,2025-01-05
28,Sofia,Brown,Cardiff,2025-05-20
29,Charlie,Smith,Manchester,2024-06-05
30,Olivia,Evans,Nottingham,2024-03-06
31,Ethan,Evans,Nottingham,2025-04-24
32,Liam,Roberts,London,2025-11-27
33,David,Roberts,Liverpool,2025-10-18
34,Noah,Johnson,Liverpool,2025-03-21
35,Olivia,Thomas,London,2024-09-26
36,Olivia,Roberts,Manchester,2025-10-02
37,Mia,Roberts,Nottingham,2024-07-22
38,Emma,Davies,Birmingham,2025-07-06
39,Alice,Walker,Bristol,2025-05-15
40,Alice,Johnson,Bristol,2024-11-10
41,Sofia,Smith,Leeds,2025-08-03
42,Charlie,Johnson,Edinburgh,2024-03-11
43,Emma,Brown,Edinburgh,2025-07-16
44,Olivia,Wilson,Cardiff,2025-09-13
45,Grace,Taylor,Cardiff,2025-12-07
46,James,Wilson,Glasgow,2025-11-18
47,Isla,Thomas,Cardiff,2025-04-07
48,David,Taylor,Leeds,2024-03-06
49,Noah,Smith,Nottingham,2025-07-21
50,Sofia,Walker,Leeds,2024-01-08
51,Charlie,Smith,Leeds,2024-03-10
52,Bob,Davies,Manchester,2025-06-10
53,Sofia,Wilson,Edinburgh,2024-08-07
54,Emma,Walker,Nottingham,2025-04-29
55,Sofia,Thomas,Glasgow,2024-07-13
56,David,Johnson,Glasgow,2024-12-28
57,Grace,Evans,Edinburgh,2024-02-25
58,David,Smith,Glasgow,2024-12-13
59,David,Taylor,Leeds,2024-07-13
60,Leo,Brown,Glasgow,2024-07-06
61,Liam,Thomas,Leeds,2024-03-18
62,Leo,Roberts,Manchester,2024-02-21
63,Alice,Johnson,Leeds,2024-06-19
64,Grace,Thomas,Edinburgh,2024-08-06
65,Ethan,Smith,Birmingham,2025-01-23
66,Alice,Evans,Liverpool,2025-04-10
67,Mia,Evans,Cardiff,2025-11-08
68,Amelia,Brown,Leeds,2024-10-30
69,James,Smith,Nottingham,2025-07-09
70,Bob,Davies,London,2024-02-21
71,Amelia,Roberts,Cardiff,2024-06-10
72,Bob,Roberts,Manchester,2024-07-09
73,Charlie,Walker,Manchester,2025-11-22
74,Sofia,Evans,Manchester,2025-08-06
75,Sofia,Walker,Nottingham,2024-02-10
76,Charlie,Evans,Nottingham,2025-08-01
77,Noah,Wilson,Leeds,2025-11-16
78,Noah,Taylor,Liverpool,2025-02-09
79,Emma,Wilson,Edinburgh,2024-11-19
80,Charlie,Smith,Edinburgh,2025-09-28
81,David,Johnson,Cardiff,2024-08-06
82,Liam,Brown,Bristol,2024-03-11
83,Sofia,Davies,Liverpool,2024-06-10
84,Leo,Roberts,Liverpool,2025-09-18
85,Alice,Roberts,Liverpool,2025-11-10
86,David,Brown,Liverpool,2024-04-28
87,David,Roberts,Birmingham,2024-10-05
88,Mia,Walker,Leeds,2024-12-17
89,James,Wilson,Cardiff,2025-05-15
90,Liam,Smith,Manchester,2025-10-11
91,Grace,Wilson,London,2024-01-04
92,Noah,Brown,Liverpool,2024-06-14
93,Leo,Roberts,Glasgow,2025-07-28
94,Alice,Johnson,Manchester,2025-12-08
95,Emma,Roberts,London,2025-01-13
96,Emma,Evans,Birmingham,2024-02-12
97,Mia,Davies,London,2025-01-01
98,James,Taylor,Manchester,2024-12-28
99,Grace,Walker,Birmingham,2024-08-30
100,Olivia,Brown,Glasgow,2024-01-26
101,Olivia,Davies,Glasgow,2025-11-16
102,Sofia,Wilson,Birmingham,2025-12-19
103,David,Evans,London,2025-04-26
104,Sofia,Taylor,Edinburgh,2024-12-24
105,Mia,Taylor,Leeds,2024-01-25
106,James,Evans,Bristol,2024-10-12
107,Charlie,Wilson,Bristol,2025-10-18
108,Ethan,Roberts,Bristol,2024-01-29
109,David,Wilson,Birmingham,2025-08-17
110,Liam,Smith,Manchester,2025-09-02
111,Grace,Davies,Bristol,2025-03-22
112,David,Evans,Nottingham,2024-07-13
113,Liam,Smith,Glasgow,2024-01-02
114,James,Davies,Glasgow,2024-03-12
115,Noah,Walker,Bristol,2025-11-10
116,David,Wilson,Cardiff,2024-11-12
117,Grace,Davies,Glasgow,2025-12-14
118,Mia,Roberts,Birmingham,2024-07-15
119,Grace,Evans,Birmingham,2025-09-22
120,Mia,Evans,Cardiff,2024-01-01
121,Mia,Wilson,Leeds,2025-03-16
122,Noah,Thomas,Edinburgh,2025-03-28
123,James,Roberts,Edinburgh,2024-06-22
124,Charlie,Wilson,Cardiff,2025-11-10
125,Noah,Johnson,Leeds,2025-11-19
126,Mia,Taylor,Leeds,2024-05-30
127,Alice,Smith,Leeds,2025-05-01
128,Charlie,Thomas,Glasgow,2025-10-06
129,James,Evans,Edinburgh,2025-02-13
130,Sofia,Brown,London,2024-04-19
131,Grace,Taylor,Birmingham,2025-12-13
132,Leo,Smith,Cardiff,2024-09-12
133,David,Thomas,Birmingham,2025-04-20
134,Noah,Thomas,Nottingham,2025-05-31
135,Grace,Roberts,Edinburgh,2024-06-11
136,Amelia,Thomas,Liverpool,2024-09-10
137,Liam,Roberts,Edinburgh,2025-10-03
138,Sofia,Wilson,Edinburgh,2024-03-20
139,Mia,Taylor,Liverpool,2024-12-09
140,Noah,Roberts,Manchester,2024-05-21
141,Emma,Taylor,Glasgow,2025-12-11
142,Emma,Taylor,Manchester,2025-02-28
143,Grace,Davies,Cardiff,2025-04-22
144,Grace,Smith,Leeds,2025-03-06
145,Ethan,Walker,London,2025-08-12
146,Ethan,Thomas,London,2024-12-26
147,Mia,Evans,Glasgow,2025-07-05
148,Sofia,Thomas,Leeds,2024-10-06
149,Grace,Thomas,London,2025-02-02
150,Noah,Evans,Birmingham,2025-04-23
151,Emma,Walker,Cardiff,2024-01-28
152,Ethan,Walker,Nottingham,2025-11-09
153,Alice,Johnson,Glasgow,2024-05-18
154,Leo,Brown,London,2024-09-23
155,Ethan,Davies,Leeds,2025-04-10
156,Noah,Davies,Glasgow,2024-10-11
157,Grace,Wilson,Manchester,2025-04-26
158,Alice,Roberts,London,2024-12-24
159,Sofia,Johnson,London,2024-02-01
160,Sofia,Taylor,London,2025-09-28
161,Emma,Taylor,Birmingham,2025-04-29
162,David,Walker,Leeds,2025-04-21
163,Liam,Davies,Birmingham,2025-09-12
164,David,Brown,Liverpool,2024-04-20
165,Alice,Wilson,Nottingham,2025-11-24
166,Ethan,Evans,Leeds,2024-03-18
167,Sofia,Johnson,Liverpool,2025-12-01
168,David,Walker,London,2024-12-21
169,Grace,Davies,Manchester,2025-06-02
170,Noah,Smith,Glasgow,2025-05-16
171,David,Evans,Bristol,2025-10-12
172,Leo,Brown,Glasgow,2024-06-29
173,Liam,Walker,Cardiff,2025-05-10
174,Leo,Evans,Nottingham,2024-10-01
175,Noah,Taylor,Manchester,2024-10-12
176,Leo,Taylor,Edinburgh,2025-08-06
177,Ethan,Davies,London,2025-05-21
178,Noah,Brown,Edinburgh,2024-08-05
179,Isla,Wilson,Bristol,2024-10-13
180,Liam,Roberts,London,2025-06-13
181,James,Johnson,Leeds,2025-02-20
182,Amelia,Roberts,Leeds,2025-12-08
183,Amelia,Thomas,Edinburgh,2024-01-18
184,Charlie,Wilson,Leeds,2025-02-18
185,Sofia,Wilson,Nottingham,2025-01-12
186,Amelia,Roberts,Cardiff,2024-12-18
187,Grace,Roberts,Bristol,2024-12-26
188,Leo,Wilson,Liverpool,2024-09-14
189,Sofia,Johnson,Leeds,2024-11-19
190,David,Roberts,Birmingham,2024-07-15
191,James,Thomas,Liverpool,2025-08-26
192,Mia,Johnson,Leeds,2024-10-30
193,Sofia,Davies,Birmingham,2024-11-05
194,Alice,Roberts,Birmingham,2024-10-07
195,Bob,Smith,Cardiff,2024-10-26
196,Emma,Thomas,Manchester,2024-01-13
197,Mia,Thomas,Edinburgh,2025-03-27
198,Noah,Brown,London,2024-09-15
199,Amelia,Johnson,Manchester,2025-02-14
200,Amelia,Johnson,Nottingham,2025-10-06
201,Bob,Brown,Birmingham,2025-07-30
202,Mia,Johnson,Leeds,2024-05-01
203,Grace,Walker,Nottingham,2025-09-25
204,Sofia,Roberts,Glasgow,2025-04-06
205,Leo,Wilson,Nottingham,2025-03-15
206,Mia,Walker,Nottingham,2024-03-02
207,David,Taylor,Leeds,2024-09-27
208,Charlie,Brown,Leeds,2024-06-26
209,Charlie,Brown,London,2025-02-22
210,Leo,Walker,Edinburgh,2024-10-25
211,Bob,Taylor,Liverpool,2025-12-24
212,Mia,Thomas,Manchester,2025-12-04
213,Sofia,Wilson,Nottingham,2025-11-08
214,James,Evans,Manchester,2025-07-11
215,Sofia,Brown,Liverpool,2024-05-25
216,Charlie,Smith,Birmingham,2024-11-10
217,Mia,Thomas,Manchester,2025-04-24
218,Mia,Evans,Liverpool,2025-05-27
219,Amelia,Thomas,Manchester,2025-09-04
220,Bob,Evans,Bristol,2025-09-10
221,Liam,Smith,Manchester,2024-08-22
222,Alice,Wilson,Nottingham,2024-02-11
223,Olivia,Thomas,Cardiff,2025-10-29
224,Leo,Wilson,Birmingham,2025-08-22
225,Grace,Thomas,Manchester,2025-04-26
226,Isla,Evans,Bristol,2024-11-24
227,David,Brown,Bristol,2025-02-25
228,Amelia,Wilson,Glasgow,2025-07-17
229,Bob,Thomas,Manchester,2024-11-18
230,Liam,Davies,Manchester,2025-02-17
231,Alice,Roberts,Edinburgh,2025-02-27
232,Bob,Taylor,Cardiff,2025-01-05
233,Amelia,Thomas,London,2024-07-27
234,Liam,Roberts,Birmingham,2024-10-21
235,Leo,Thomas,Manchester,2024-01-30
236,Sofia,Brown,Liverpool,2025-07-18
237,Alice,Roberts,Glasgow,2024-04-05
238,Sofia,Johnson,Edinburgh,2024-04-30
239,Emma,Thomas,Liverpool,2025-06-05
240,Liam,Evans,Edinburgh,2025-04-28
241,Sofia,Thomas,Cardiff,2024-05-28
242,Ethan,Taylor,Nottingham,2025-06-04
243,Emma,Johnson,Liverpool,2025-02-28
244,Noah,Roberts,Liverpool,2024-01-03
245,Mia,Wilson,Nottingham,2025-08-16
246,Amelia,Brown,Edinburgh,2025-07-05
247,Amelia,Davies,Bristol,2025-07-19
248,Ethan,Thomas,Bristol,2024-07-12
249,Sofia,Walker,Glasgow,2024-08-27
250,Grace,Smith,Bristol,2025-04-29
251,Ethan,Evans,Birmingham,2025-05-22
252,Bob,Brown,Cardiff,2025-08-27
253,Noah,Johnson,Edinburgh,2024-04-12
254,Leo,Smith,Birmingham,2025-02-23
255,Emma,Johnson,Edinburgh,2024-09-28
256,Noah,Walker,Glasgow,2025-10-27
257,Charlie,Davies,Cardiff,2025-01-24
258,Noah,Thomas,Cardiff,2024-02-06
259,Charlie,Taylor,Liverpool,2024-08-20
260,Charlie,Evans,Manchester,2025-10-10
261,David,Thomas,Birmingham,2025-12-11
262,Mia,Smith,London,2024-11-28
263,Bob,Wilson,Bristol,2025-01-18
264,Grace,Brown,Leeds,2025-06-27
265,Grace,Walker,Birmingham,2024-06-23
266,Olivia,Johnson,Nottingham,2025-01-26
267,Sofia,Thomas,Nottingham,2024-05-26
268,Sofia,Thomas,Liverpool,2025-04-15
269,Liam,Smith,Edinburgh,2024-10-21
270,Olivia,Johnson,Edinburgh,2024-12-19
271,Mia,Evans,Liverpool,2025-04-12
272,Mia,Taylor,Glasgow,2025-05-09
273,David,Taylor,Glasgow,2025-08-08
274,Isla,Walker,Liverpool,2025-12-17
275,Mia,Smith,Glasgow,2024-10-08
276,Alice,Walker,London,2025-09-12
277,Amelia,Wilson,Leeds,2025-09-13
278,Isla,Taylor,Leeds,2025-09-27
279,Liam,Brown,Manchester,2025-10-04
280,Bob,Wilson,Edinburgh,2024-02-04
281,Isla,Brown,Manchester,2024-10-29
282,Noah,Evans,Birmingham,2024-07-24
283,Emma,Roberts,Bristol,2025-06-27
284,Liam,Brown,Liverpool,2025-05-08
285,Mia,Davies,Manchester,2025-04-24
286,Charlie,Brown,Leeds,2025-11-23
287,Ethan,Roberts,Bristol,2024-04-02
288,Ethan,Smith,Liverpool,2025-07-03
289,David,Thomas,Bristol,2025-11-19
290,Liam,Walker,Glasgow,2025-10-15
291,Isla,Johnson,Leeds,2025-04-27
292,Alice,Walker,Cardiff,2024-12-01
293,Sofia,Johnson,Edinburgh,2025-12-18
294,Mia,Evans,Manchester,2024-05-23
295,Bob,Smith,Liverpool,2025-05-19
296,David,Johnson,Leeds,2025-07-04
297,Emma,Evans,Edinburgh,2025-01-14
298,Grace,Walker,Birmingham,2025-02-28
299,David,Thomas,Nottingham,2025-02-21
300,Liam,Smith,Bristol,2024-08-10
301,Leo,Thomas,Leeds,2025-01-06
302,David,Davies,Cardiff,2025-10-22
303,Isla,Smith,Glasgow,2024-10-09
304,James,Johnson,Edinburgh,2024-04-03
305,James,Walker,London,2024-02-21
306,Noah,Taylor,Birmingham,2025-08-01
307,James,Johnson,Cardiff,2024-07-31
308,James,Taylor,Bristol,2024-05-31
309,Alice,Wilson,Birmingham,2024-05-13
310,Liam,Brown,Manchester,2025-11-07
311,Alice,Brown,London,2025-01-01
312,Sofia,Walker,Bristol,2024-01-17
313,Olivia,Wilson,London,2024-05-09
314,Grace,Roberts,Manchester,2024-03-06
315,Amelia,Thomas,Bristol,2025-06-09
316,David,Thomas,Cardiff,2024-08-14
317,Bob,Roberts,Liverpool,2025-04-14
318,Alice,Smith,Edinburgh,2025-02-15
319,Grace,Johnson,Edinburgh,2025-12-30
320,Leo,Johnson,Manchester,2024-11-25
321,Emma,Johnson,Birmingham,2024-10-08
322,Noah,Evans,Nottingham,2025-06-27
323,Mia,Thomas,Cardiff,2025-09-11
324,Grace,Johnson,Manchester,2025-11-01
325,James,Evans,Edinburgh,2024-08-21
326,Grace,Davies,Edinburgh,2025-02-12
327,Grace,Johnson,Bristol,2025-03-13
328,Noah,Wilson,Bristol,2024-06-05
329,Amelia,Johnson,Manchester,2024-03-28
330,Charlie,Evans,Manchester,2025-01-16
331,Emma,Roberts,London,2025-08-23
332,Noah,Johnson,Glasgow,2024-12-28
333,Grace,Smith,Liverpool,2025-09-06
334,Mia,Davies,Manchester,2025-08-14
335,James,Brown,Edinburgh,2024-08-17
336,David,Davies,Cardiff,2025-01-11
337,David,Wilson,Nottingham,2024-08-19
338,Grace,Roberts,Nottingham,2025-09-20
339,Alice,Walker,Liverpool,2024-01-30
340,Olivia,Wilson,Liverpool,2024-12-13
341,Isla,Smith,Birmingham,2024-05-26
342,Ethan,Johnson,Birmingham,2025-10-10
343,Alice,Johnson,Cardiff,2024-08-08
344,Ethan,Evans,Edinburgh,2024-12-15
345,Olivia,Davies,Liverpool,2024-11-28
346,Charlie,Smith,Birmingham,2024-06-10
347,Bob,Johnson,Liverpool,2025-03-29
348,Grace,Thomas,Nottingham,2025-03-28
349,Grace,Wilson,Leeds,2025-06-08
350,David,Davies,Glasgow,2024-04-23
351,Mia,Walker,Edinburgh,2025-06-23
352,Mia,Smith,Leeds,2025-02-08
353,Bob,Smith,Leeds,2024-11-04
354,James,Brown,Liverpool,2024-10-23
355,Noah,Johnson,London,2025-05-24
356,Grace,Brown,Birmingham,2025-01-24
357,Sofia,Roberts,Cardiff,2025-11-15
358,Isla,Johnson,Glasgow,2024-02-13
359,Grace,Smith,Edinburgh,2024-03-20
360,Noah,Walker,Glasgow,2025-08-10
361,Ethan,Evans,Liverpool,2024-04-27
362,Ethan,Smith,Bristol,2024-06-24
363,Leo,Davies,Manchester,2025-03-23
364,David,Taylor,Glasgow,2025-08-26
365,Ethan,Roberts,Manchester,2025-02-09
366,Mia,Davies,Leeds,2024-12-07
367,Olivia,Johnson,Cardiff,2025-10-10
368,David,Roberts,Cardiff,2024-07-17
369,Isla,Davies,Birmingham,2024-08-29
370,David,Brown,Liverpool,2024-07-21
371,Olivia,Walker,Birmingham,2025-11-02
372,Charlie,Brown,Edinburgh,2025-04-20
373,Leo,Walker,Nottingham,2024-11-26
374,Noah,Brown,Edinburgh,2024-03-10
375,Amelia,Thomas,Liverpool,2024-10-08
376,Bob,Davies,Cardiff,2024-03-16
377,Mia,Thomas,Edinburgh,2024-02-08
378,Bob,Davies,Liverpool,2024-03-19
379,Charlie,Walker,Nottingham,2025-06-03
380,Ethan,Thomas,Nottingham,2025-07-21
381,Bob,Thomas,Nottingham,2025-10-29
382,James,Davies,Nottingham,2025-05-02
383,Emma,Smith,Edinburgh,2024-04-15
384,Noah,Johnson,Cardiff,2025-10-23
385,Olivia,Smith,Leeds,2025-12-25
386,Leo,Thomas,Cardiff,2025-06-19
387,Olivia,Davies,Bristol,2024-10-16
388,Ethan,Evans,Bristol,2025-11-26
389,Bob,Davies,Manchester,2024-12-03
390,David,Roberts,Glasgow,2024-10-17
391,Liam,Walker,Birmingham,2024-12-07
392,Charlie,Walker,Birmingham,2024-12-24
393,Mia,Evans,Birmingham,2025-09-01
394,Charlie,Wilson,Cardiff,2025-01-20
395,Noah,Brown,Cardiff,2024-04-05
396,Grace,Roberts,Bristol,2024-01-19
397,Isla,Wilson,Birmingham,2024-08-07
398,Noah,Thomas,Leeds,2024-08-19
399,Emma,Brown,Manchester,2024-10-29
400,David,Roberts,Cardiff,2025-06-23
401,Bob,Davies,Nottingham,2024-05-14
402,Ethan,Brown,Birmingham,2024-07-04
403,Olivia,Thomas,London,2025-02-24
404,Isla,Taylor,Edinburgh,2025-09-17
405,Mia,Thomas,Leeds,2025-06-30
406,Sofia,Wilson,Edinburgh,2024-07-17
407,Isla,Walker,Edinburgh,2025-04-17
408,Mia,Evans,Cardiff,2025-06-24
409,Grace,Brown,Leeds,2025-09-11
410,Emma,Wilson,London,2025-10-18
411,Amelia,Davies,Cardiff,2024-04-15
412,David,Wilson,Manchester,2024-06-13
413,Liam,Thomas,Cardiff,2024-05-30
414,Grace,Johnson,Leeds,2025-04-06
415,Isla,Smith,Glasgow,2024-02-24
416,Ethan,Roberts,Bristol,2024-08-29
417,Ethan,Johnson,Bristol,2024-08-17
418,Alice,Davies,Manchester,2025-10-27
419,Noah,Brown,Birmingham,2024-02-09
420,Mia,Thomas,Birmingham,2025-12-23
421,Amelia,Thomas,Nottingham,2024-01-06
422,Charlie,Smith,Liverpool,2024-08-08
423,Emma,Roberts,Nottingham,2025-06-24
424,Grace,Johnson,Liverpool,2024-08-31
425,Mia,Johnson,London,2024-09-01
426,Grace,Walker,Edinburgh,2024-03-05
427,David,Thomas,Nottingham,2025-07-02
428,Alice,Roberts,Nottingham,2024-09-04
429,Emma,Wilson,Glasgow,2024-01-02
430,Isla,Taylor,Nottingham,2025-03-02
431,Olivia,Johnson,Cardiff,2025-01-04
432,Charlie,Roberts,Cardiff,2025-06-03
433,Alice,Evans,Edinburgh,2024-02-14
434,Ethan,Davies,Liverpool,2024-01-17
435,Isla,Johnson,Bristol,2024-09-03
436,David,Walker,Bristol,2024-05-16
437,Bob,Davies,Cardiff,2024-12-12
438,Olivia,Thomas,Edinburgh,2025-10-08
439,Olivia,Brown,Manchester,2025-04-13
440,Bob,Wilson,Leeds,2024-02-14
441,James,Smith,Bristol,2024-11-13
442,Ethan,Roberts,Edinburgh,2024-09-16
443,Bob,Taylor,Liverpool,2024-12-31
444,Bob,Davies,Liverpool,2024-05-07
445,Isla,Evans,Glasgow,2025-03-26
446,Ethan,Davies,Birmingham,2025-05-23
447,Amelia,Davies,Cardiff,2024-09-30
448,Charlie,Evans,Manchester,2025-03-16
449,Olivia,Roberts,Liverpool,2024-11-24
450,David,Johnson,Bristol,2025-11-07
451,Mia,Wilson,Edinburgh,2025-09-09
452,Grace,Brown,Edinburgh,2024-12-25
453,Leo,Smith,Bristol,2025-09-21
454,Grace,Wilson,London,2024-03-17
455,Ethan,Davies,Cardiff,2025-11-26
456,Olivia,Smith,Birmingham,2025-09-14
457,Leo,Smith,Birmingham,2024-03-09
458,Sofia,Davies,Bristol,2025-01-27
459,Bob,Walker,Birmingham,2025-11-26
460,Leo,Davies,Bristol,2025-03-30
461,Charlie,Walker,Birmingham,2025-06-26
462,Isla,Evans,Bristol,2025-10-27
463,Liam,Taylor,Manchester,2024-01-27
464,Olivia,Thomas,Cardiff,2025-01-31
465,David,Wilson,Liverpool,2025-12-21
466,Leo,Taylor,Nottingham,2024-10-19
467,Amelia,Taylor,Manchester,2024-05-18
468,Charlie,Thomas,Birmingham,2025-12-31
469,Leo,Johnson,Bristol,2025-11-14
470,Isla,Johnson,Cardiff,2025-07-09
471,Mia,Wilson,Birmingham,2025-12-29
472,Olivia,Davies,Cardiff,2024-08-17
473,David,Taylor,Birmingham,2024-08-30
474,Amelia,Smith,Bristol,2025-07-21
475,Isla,Thomas,Cardiff,2024-05-12
476,Charlie,Johnson,Liverpool,2025-02-11
477,Amelia,Roberts,Glasgow,2025-02-23
478,Charlie,Brown,Bristol,2025-10-19
479,Charlie,Thomas,Edinburgh,2025-11-27
480,Isla,Brown,Cardiff,2025-10-17
481,Olivia,Brown,Glasgow,2025-05-29
482,Bob,Johnson,Cardiff,2024-06-05
483,Mia,Brown,Birmingham,2024-11-26
484,Sofia,Davies,Cardiff,2024-10-17
485,Charlie,Wilson,Leeds,2025-10-12
486,Liam,Brown,Liverpool,2025-09-21
487,Charlie,Roberts,Birmingham,2025-08-29
488,Emma,Brown,Nottingham,2025-09-11
489,Noah,Walker,London,2024-01-30
490,Charlie,Smith,Nottingham,2024-09-28
491,James,Walker,Glasgow,2025-09-24
492,Alice,Thomas,Cardiff,2024-10-23
493,Mia,Thomas,Leeds,2025-12-02
494,Ethan,Wilson,Edinburgh,2024-03-15
495,Bob,Brown,Edinburgh,2025-03-01
496,Amelia,Thomas,Leeds,2024-12-14
497,Emma,Davies,Bristol,2024-12-19
498,Ethan,Brown,Bristol,2025-06-11
499,David,Davies,Leeds,2025-04-22
500,David,Wilson,Edinburgh,2024-09-10
501,Emma,Johnson,London,2024-10-24
502,Ethan,Walker,Glasgow,2024-09-11
503,Olivia,Davies,Nottingham,2024-11-16
504,James,Brown,Edinburgh,2025-06-11
505,Leo,Thomas,Liverpool,2025-05-24
506,Alice,Johnson,Glasgow,2025-06-01
507,Leo,Taylor,Leeds,2025-08-20
508,Isla,Smith,London,2024-10-15
509,Amelia,Walker,Edinburgh,2024-10-19
510,Alice,Johnson,Glasgow,2024-05-17
511,Liam,Davies,Glasgow,2025-01-09
512,Bob,Evans,London,2025-08-06
513,James,Davies,Cardiff,2024-10-22
514,Charlie,Evans,Cardiff,2025-04-06
515,Liam,Walker,Nottingham,2024-05-01
516,Emma,Johnson,Glasgow,2025-01-17
517,Noah,Roberts,Bristol,2024-05-27
518,James,Walker,Cardiff,2025-02-15
519,Bob,Smith,London,2024-05-20
520,Noah,Thomas,Cardiff,2025-04-12
521,Emma,Walker,Cardiff,2024-05-23
522,Noah,Walker,Bristol,2024-06-15
523,Ethan,Walker,Liverpool,2025-08-30
524,Noah,Roberts,Cardiff,2025-06-29
525,Amelia,Walker,Liverpool,2025-05-01
526,Alice,Davies,Bristol,2025-11-20
527,David,Evans,Nottingham,2024-11-11
528,Alice,Walker,Edinburgh,2024-09-28
529,Sofia,Smith,Nottingham,2025-05-06
530,Olivia,Roberts,Nottingham,2025-01-24
531,Emma,Taylor,London,2025-08-09
532,David,Taylor,London,2025-03-27
533,Noah,Evans,Birmingham,2025-02-26
534,James,Evans,Cardiff,2025-09-18
535,Amelia,Smith,Birmingham,2025-06-15
536,James,Roberts,Bristol,2025-11-09
537,Amelia,Roberts,Glasgow,2024-11-17
538,Olivia,Thomas,Cardiff,2024-12-16
539,Isla,Wilson,Nottingham,2025-05-10
540,James,Taylor,Liverpool,2025-07-25
541,Mia,Taylor,Liverpool,2024-10-22
542,James,Thomas,Bristol,2025-05-06
543,Isla,Roberts,Liverpool,2024-10-21
544,David,Walker,Cardiff,2025-01-23
545,Ethan,Davies,Birmingham,2024-10-24
546,Bob,Wilson,Manchester,2024-12-20
547,Leo,Wilson,Edinburgh,2024-08-07
548,James,Roberts,Liverpool,2025-07-29
549,Liam,Brown,Manchester,2025-09-22
550,Sofia,Taylor,London,2025-11-16
551,Sofia,Taylor,London,2024-04-12
552,Grace,Davies,Edinburgh,2024-04-12
553,Emma,Smith,Cardiff,2024-06-10
554,Grace,Thomas,Edinburgh,2025-10-28
555,James,Wilson,Bristol,2024-10-19
556,Bob,Johnson,Nottingham,2024-08-25
557,Bob,Brown,Glasgow,2024-06-29
558,Bob,Evans,Edinburgh,2024-07-09
559,Mia,Smith,London,2024-11-01
560,David,Davies,Liverpool,2025-04-10
561,Amelia,Brown,Cardiff,2025-04-24
562,Liam,Taylor,Manchester,2024-12-04
563,Olivia,Thomas,Liverpool,2024-07-09
564,Alice,Davies,Liverpool,2025-08-04
565,James,Brown,Nottingham,2025-10-16
566,Ethan,Evans,Cardiff,2024-12-01
567,Charlie,Evans,Manchester,2024-07-08
568,Emma,Thomas,Bristol,2024-09-11
569,Alice,Wilson,Glasgow,2024-08-29
570,Leo,Wilson,Bristol,2024-11-05
571,Alice,Wilson,Bristol,2025-12-10
572,Sofia,Smith,Manchester,2025-04-21
573,Mia,Brown,Glasgow,2025-12-03
574,Mia,Johnson,Liverpool,2025-01-11
575,Sofia,Taylor,Birmingham,2025-05-04
576,Emma,Thomas,Nottingham,2025-01-17
577,Grace,Roberts,Edinburgh,2025-07-04
578,James,Taylor,Nottingham,2024-03-24
579,Leo,Roberts,Bristol,2024-03-20
580,David,Smith,Cardiff,2025-06-01
581,James,Walker,Cardiff,2024-06-02
582,Olivia,Davies,Cardiff,2025-03-28
583,David,Taylor,Nottingham,2025-05-15
584,Charlie,Roberts,Edinburgh,2024-02-26
585,Leo,Brown,Cardiff,2025-03-01
586,Leo,Walker,London,2025-07-26
587,Leo,Wilson,London,2025-02-09
588,Liam,Smith,Leeds,2025-08-15
589,Charlie,Smith,Glasgow,2024-12-18
590,Charlie,Roberts,London,2024-03-11
591,Amelia,Smith,Liverpool,2025-02-22
592,Olivia,Brown,Glasgow,2025-01-18
593,Ethan,Thomas,Glasgow,2025-01-19
594,Charlie,Roberts,Birmingham,2025-10-31
595,Isla,Johnson,Birmingham,2025-07-04
596,Ethan,Roberts,Birmingham,2024-08-16
597,Alice,Smith,Liverpool,2025-04-19
598,Grace,Roberts,Glasgow,2024-08-23
599,Sofia,Thomas,Bristol,2024-06-07
600,Liam,Taylor,Manchester,2024-02-02
601,Grace,Walker,London,2024-09-03
602,James,Johnson,Manchester,2025-08-31
603,Bob,Thomas,Nottingham,2025-11-19
604,Bob,Taylor,London,2025-02-15
605,Leo,Taylor,Cardiff,2024-08-10
606,Bob,Brown,Cardiff,2024-10-23
607,Sofia,Walker,Bristol,2025-08-14
608,Noah,Taylor,Liverpool,2024-05-26
609,Sofia,Evans,Liverpool,2024-10-08
610,Bob,Roberts,Nottingham,2024-06-28
611,Grace,Roberts,Edinburgh,2024-02-18
612,Isla,Evans,Cardiff,2024-11-22
613,Grace,Evans,Birmingham,2024-11-03
614,Ethan,Brown,Cardiff,2025-04-29
615,Sofia,Taylor,Liverpool,2025-12-25
616,Emma,Thomas,London,2025-07-29
617,Grace,Evans,Cardiff,2025-06-26
618,Emma,Evans,Leeds,2024-09-18
619,James,Davies,Manchester,2025-04-05
620,Isla,Johnson,Cardiff,2024-07-14
621,Bob,Wilson,Glasgow,2025-11-20
622,Bob,Johnson,Leeds,2025-08-24
623,James,Thomas,Leeds,2024-12-06
624,Mia,Smith,Leeds,2024-07-13
625,David,Thomas,Leeds,2025-12-13
626,James,Evans,Leeds,2025-07-19
627,Noah,Wilson,Glasgow,2025-04-22
628,Isla,Wilson,Liverpool,2025-01-03
629,Amelia,Thomas,Manchester,2025-04-25
630,Noah,Taylor,Bristol,2024-11-16
631,Grace,Smith,Nottingham,2024-08-14
632,Emma,Smith,Liverpool,2025-07-20
633,Grace,Wilson,Birmingham,2024-07-19
634,Noah,Taylor,Glasgow,2025-08-06
635,Sofia,Thomas,Cardiff,2025-11-01
636,Noah,Wilson,Edinburgh,2025-10-19
637,Amelia,Thomas,Birmingham,2024-12-26
638,Olivia,Brown,Cardiff,2025-05-15
639,Olivia,Roberts,London,2025-06-20
640,Bob,Johnson,London,2024-01-07
641,Grace,Brown,Leeds,2024-03-10
642,Emma,Smith,Leeds,2025-06-01
643,Leo,Davies,London,2025-09-24
644,Amelia,Thomas,London,2024-01-07
645,Grace,Smith,London,2025-06-26
646,Liam,Roberts,Liverpool,2024-01-18
647,Grace,Brown,Manchester,2024-04-08
648,Emma,Taylor,Leeds,2025-09-26
649,Liam,Davies,Liverpool,2025-02-10
650,Charlie,Davies,Glasgow,2025-04-15
651,Sofia,Taylor,Liverpool,2025-12-01
652,Charlie,Smith,Manchester,2025-02-19
653,Ethan,Evans,Cardiff,2025-05-02
654,Bob,Smith,Birmingham,2024-03-25
655,Amelia,Evans,Bristol,2025-08-02
656,David,Roberts,London,2024-08-23
657,James,Walker,Edinburgh,2024-10-04
658,Bob,Johnson,Liverpool,2025-07-10
659,Bob,Brown,Bristol,2024-01-17
660,James,Walker,Birmingham,2025-12-30
661,Ethan,Johnson,Liverpool,2024-06-15
662,Sofia,Walker,Glasgow,2025-11-24
663,Noah,Evans,Birmingham,2025-12-06
664,Charlie,Roberts,Bristol,2024-02-24
665,David,Evans,Leeds,2024-03-18
666,Noah,Walker,Nottingham,2025-09-01
667,Ethan,Davies,London,2025-10-11
668,Liam,Thomas,Edinburgh,2024-08-21
669,Isla,Roberts,Glasgow,2025-03-18
670,Olivia,Walker,Glasgow,2024-03-28
671,Mia,Taylor,Manchester,2024-03-25
672,Liam,Brown,Glasgow,2025-12-29
673,Emma,Evans,Bristol,2025-01-04
674,David,Johnson,London,2024-11-11
675,Leo,Davies,Liverpool,2024-04-14
676,Emma,Johnson,Birmingham,2025-03-17
677,Leo,Roberts,Cardiff,2025-06-08
678,Grace,Johnson,London,2024-04-01
679,Isla,Roberts,Manchester,2025-09-03
680,Noah,Evans,London,2024-10-25
681,Grace,Evans,Manchester,2025-07-26
682,Sofia,Walker,Cardiff,2024-06-22
683,Ethan,Brown,Birmingham,2024-10-02
684,Mia,Wilson,Edinburgh,2024-05-29
685,Charlie,Brown,Glasgow,2024-10-09
686,Grace,Wilson,Edinburgh,2024-03-19
687,Isla,Wilson,Leeds,2025-10-02
688,Amelia,Walker,Nottingham,2024-07-19
689,Leo,Johnson,Birmingham,2024-11-07
690,Alice,Evans,Bristol,2025-09-27
691,Ethan,Davies,Edinburgh,2024-12-08
692,Grace,Walker,Birmingham,2024-11-03
693,Noah,Walker,Leeds,2025-05-05
694,Noah,Brown,Glasgow,2024-11-22
695,Mia,Thomas,Nottingham,2024-09-05
696,Noah,Evans,Liverpool,2025-02-06
697,Isla,Johnson,Nottingham,2024-07-23
698,Olivia,Roberts,London,2025-04-17
699,James,Thomas,Liverpool,2025-12-10
700,Charlie,Evans,Edinburgh,2024-05-22
701,Mia,Taylor,Liverpool,2025-11-05
702,Emma,Evans,Glasgow,2024-03-16
703,Leo,Walker,Edinburgh,2025-08-19
704,Ethan,Roberts,Cardiff,2025-12-09
705,Grace,Roberts,London,2025-01-03
706,Charlie,Johnson,Leeds,2025-11-04
707,Isla,Brown,Nottingham,2024-02-15
708,Ethan,Davies,Glasgow,2024-04-18
709,Alice,Johnson,Liverpool,2024-08-15
710,Sofia,Thomas,Bristol,2025-02-04
711,Leo,Walker,Cardiff,2024-06-03
712,Isla,Smith,Edinburgh,2024-04-17
713,Mia,Evans,Manchester,2024-04-28
714,Emma,Davies,Liverpool,2024-12-17
715,Leo,Taylor,Cardiff,2025-05-09
716,Isla,Thomas,Manchester,2025-03-24
717,Leo,Davies,Manchester,2024-11-03
718,Bob,Johnson,London,2024-12-17
719,David,Brown,Leeds,2025-06-12
720,Olivia,Roberts,Birmingham,2024-12-04
721,Grace,Thomas,Leeds,2025-02-18
722,Olivia,Brown,Glasgow,2025-02-09
723,Alice,Walker,Leeds,2025-04-05
724,Grace,Evans,London,2025-12-22
725,James,Taylor,Liverpool,2025-12-21
726,Charlie,Walker,Manchester,2025-07-03
727,Olivia,Davies,Bristol,2024-07-20
728,Leo,Johnson,Liverpool,2025-11-17
729,Amelia,Roberts,Bristol,2025-09-03
730,Ethan,Walker,Glasgow,2025-08-24
731,David,Davies,Bristol,2025-04-13
732,Olivia,Wilson,Nottingham,2025-08-27
733,Charlie,Brown,Bristol,2024-04-30
734,Sofia,Wilson,Manchester,2024-07-06
735,Isla,Brown,Cardiff,2025-02-01
736,Grace,Walker,Birmingham,2025-08-11
737,Ethan,Evans,Birmingham,2025-05-13
738,Olivia,Roberts,Birmingham,2025-05-16
739,Mia,Brown,Birmingham,2024-11-18
740,Leo,Walker,London,2025-01-02
741,Alice,Thomas,Birmingham,2024-07-18
742,Ethan,Roberts,Cardiff,2025-10-30
743,Amelia,Evans,Edinburgh,2025-03-01
744,Leo,Thomas,Birmingham,2024-03-25
745,Alice,Taylor,Liverpool,2024-02-03
746,Liam,Taylor,Cardiff,2024-10-22
747,Olivia,Thomas,Nottingham,2025-05-22
748,David,Walker,Manchester,2024-10-01
749,Isla,Roberts,London,2025-03-27
750,James,Evans,Manchester,2025-10-31
