order_id,customer_id,order_date,amount,status
1,68,2024-11-13,1005.6,Pending
2,465,2025-09-18,338.49,Cancelled
3,123,2024-01-13,868.38,Completed
4,536,2025-06-13,799.02,Completed
5,31,2024-12-09,1817.32,Pending
6,509,2025-04-11,2334.17,Cancelled
7,262,2024-04-15,1194.99,Cancelled
8,3,2024-02-15,326.36,Completed
9,184,2024-02-06,2381.05,Cancelled
10,586,2025-01-16,128.59,Completed
11,48,2025-02-14,1855.43,Completed
12,378,2024-07-24,778.49,Completed
13,201,2025-07-13,527.08,Completed
14,355,2025-10-13,1324.19,Completed
15,211,2025-06-26,1675.4,Completed
16,423,2025-12-18,574.11,Completed
17,607,2025-08-04,1512.43,Completed
18,326,2025-04-08,1535.52,Completed
19,160,2024-04-18,968.48,Completed
20,316,2025-04-19,287.19,Completed
21,722,2025-12-14,631.54,Cancelled
22,94,2025-12-29,2001.23,Completed
23,32,2025-02-18,376.63,Pending
24,13,2024-03-04,437.96,Completed
25,597,2025-08-23,431.79,Completed
26,662,2025-03-30,88.24,Completed
27,44,2025-04-17,1887.66,Completed
28,509,2024-01-31,989.84,Pending
29,629,2025-09-26,672.86,Cancelled
30,491,2024-03-03,770.09,Completed
31,646,2025-07-10,3529.24,Completed
32,330,2025-02-01,771.44,Completed
33,288,2024-02-29,1439.47,Pending
34,273,2025-06-30,1027.48,Completed
35,243,2025-08-29,2740.41,Completed
36,578,2024-05-25,147.86,Cancelled
37,503,2024-02-08,1194.99,Completed
38,21,2025-06-23,516.57,Pending
39,134,2024-12-14,1894.21,Completed
40,539,2025-01-08,658.57,Completed
41,331,2024-05-19,891.2,Completed
42,366,2024-08-16,742.02,Cancelled
43,131,2024-06-30,2981.95,Completed
44,655,2025-08-02,2178.24,Completed
45,726,2025-11-17,1838.98,Completed
46,738,2024-01-02,1378.51,Completed
47,560,2025-01-19,2914.46,Completed
48,302,2024-01-21,700.27,Completed
49,750,2024-03-17,208.92,Cancelled
50,495,2025-12-22,1376.99,Completed
51,195,2025-02-23,901.02,Cancelled
52,586,2025-07-16,896.78,Pending
53,302,2025-11-08,1660.68,Cancelled
54,119,2024-11-11,1097.97,Pending
55,391,2025-01-13,608.07,Completed
56,64,2024-06-03,321.36,Completed
57,424,2025-08-26,49.42,Completed
58,429,2025-07-02,1522.06,Pending
59,515,2025-08-07,403.25,Cancelled
60,198,2024-05-09,3041.52,Completed
61,328,2024-03-09,2494.16,Completed
62,718,2025-09-30,1418.55,Cancelled
63,577,2024-04-13,1019.3,Completed
64,624,2025-04-29,1546.93,Completed
65,698,2025-12-11,210.3,Pending
66,51,2025-05-01,2044.14,Completed
67,713,2025-12-02,1602.98,Completed
68,276,2025-03-02,763.86,Cancelled
69,417,2025-05-11,824.77,Cancelled
70,414,2024-05-18,128.59,Cancelled
71,60,2024-09-12,739.06,Completed
72,407,2025-10-12,408.82,Completed
73,609,2025-04-01,3689.23,Completed
74,292,2024-01-29,1302.57,Pending
75,227,2025-10-24,1768.59,Completed
76,699,2024-01-10,401.07,Pending
77,259,2025-09-14,1471.86,Completed
78,478,2024-11-05,2214.11,Cancelled
79,624,2024-10-16,110.64,Completed
80,284,2025-10-17,2215.48,Completed
81,530,2024-09-03,1259.69,Completed
82,266,2025-03-04,909.92,Pending
83,703,2025-07-01,567.93,Pending
84,186,2024-10-27,3133.01,Completed
85,671,2024-04-01,1217.96,Completed
86,267,2025-08-22,2128.31,Completed
87,73,2025-04-28,644.01,Completed
88,543,2024-11-01,214.67,Pending
89,206,2024-12-16,2342.21,Pending
90,321,2025-10-11,629.34,Completed
91,173,2025-08-13,3231.64,Completed
92,489,2025-01-27,40.06,Completed
93,15,2024-11-25,1752.48,Cancelled
94,232,2025-12-11,2548.36,Completed
95,67,2024-02-16,3233.18,Completed
96,704,2024-05-17,2204.75,Completed
97,217,2024-01-23,1590.25,Cancelled
98,385,2025-10-17,326.76,Completed
99,670,2024-01-21,102.4,Completed
100,127,2025-07-14,1773.59,Completed
101,678,2024-04-13,1738.01,Cancelled
102,737,2025-09-24,590.81,Completed
103,536,2024-07-25,1376.09,Completed
104,241,2024-01-03,487.29,Completed
105,686,2025-05-20,1334.76,Completed
106,741,2024-04-13,1036.46,Completed
107,103,2024-06-27,1140.76,Completed
108,47,2024-01-10,629.08,Completed
109,275,2024-04-05,1777.2,Completed
110,707,2025-05-04,1067.13,Pending
111,164,2024-04-16,1835.49,Pending
112,30,2025-12-01,1564.09,Completed
113,13,2025-12-22,1803.78,Cancelled
114,98,2025-03-19,2138.67,Completed
115,56,2024-01-12,1484.12,Completed
116,285,2024-02-21,615.12,Cancelled
117,81,2025-04-15,2657.32,Pending
118,106,2025-02-17,1323.27,Pending
119,94,2025-09-10,2145.03,Cancelled
120,350,2025-01-07,1465.77,Completed
121,615,2025-04-29,890.89,Completed
122,561,2025-06-18,108.89,Completed
123,144,2025-02-23,1382.07,Completed
124,469,2024-07-14,499.94,Completed
125,649,2025-11-19,598.0,Cancelled
126,675,2025-08-26,1307.77,Cancelled
127,567,2025-03-19,2624.03,Cancelled
128,107,2025-01-31,984.33,Cancelled
129,281,2025-02-11,1668.21,Completed
130,307,2025-12-19,2686.8,Cancelled
131,215,2025-10-01,2586.83,Completed
132,556,2025-12-11,248.68,Completed
133,492,2025-08-19,1791.56,Cancelled
134,110,2024-01-26,1319.28,Pending
135,165,2024-10-20,629.69,Completed
136,555,2024-02-03,1720.68,Completed
137,399,2024-08-31,2491.43,Cancelled
138,566,2024-02-25,1039.34,Completed
139,603,2025-07-13,2098.62,Cancelled
140,182,2025-11-30,560.84,Completed
141,42,2025-03-14,948.98,Completed
142,727,2024-06-07,917.34,Completed
143,678,2024-11-04,2398.61,Pending
144,70,2025-06-01,1269.17,Completed
145,340,2025-01-04,1447.01,Completed
146,665,2024-01-10,1394.73,Completed
147,41,2025-11-29,1729.34,Completed
148,384,2025-06-10,1556.58,Cancelled
149,172,2025-07-04,344.85,Cancelled
150,687,2025-10-06,1057.21,Completed
151,663,2024-03-14,1053.66,Completed
152,39,2024-03-30,257.18,Completed
153,73,2025-08-11,2163.17,Completed
154,18,2025-02-02,222.93,Completed
155,65,2025-08-22,1146.96,Completed
156,297,2025-12-03,638.5,Completed
157,405,2025-11-07,2528.26,Completed
158,650,2024-05-27,1808.44,Completed
159,6,2025-08-09,2261.94,Cancelled
160,217,2025-02-26,1120.41,Cancelled
161,199,2024-04-27,1423.8,Completed
162,661,2025-07-16,988.92,Completed
163,499,2024-12-04,686.45,Completed
164,635,2024-03-12,1015.97,Completed
165,157,2025-08-02,1119.8,Cancelled
166,227,2025-12-30,1471.71,Pending
167,474,2025-04-01,523.35,Completed
168,288,2024-05-23,1314.45,Cancelled
169,745,2024-03-18,1432.35,Completed
170,415,2025-08-27,112.16,Completed
171,553,2025-04-28,728.96,Completed
172,476,2025-05-28,210.3,Cancelled
173,11,2025-11-09,1566.93,Completed
174,184,2025-08-02,675.15,Cancelled
175,225,2025-05-14,334.02,Completed
176,44,2025-11-15,1578.74,Completed
177,665,2024-11-27,684.18,Completed
178,386,2025-10-31,1982.12,Pending
179,229,2025-06-12,1909.7,Pending
180,514,2024-05-22,923.54,Pending
181,217,2024-06-02,601.4,Completed
182,425,2024-12-04,798.39,Completed
183,250,2024-02-14,1400.6,Completed
184,151,2024-02-27,2263.85,Completed
185,737,2025-11-08,631.54,Completed
186,483,2025-05-08,350.42,Completed
187,187,2025-09-30,1740.61,Cancelled
188,605,2024-03-11,2255.73,Completed
189,154,2025-09-12,1386.75,Completed
190,516,2024-04-30,787.64,Completed
191,535,2025-03-06,917.28,Completed
192,235,2025-05-08,2635.94,Pending
193,138,2024-09-17,1445.04,Pending
194,419,2024-09-20,54.84,Completed
195,592,2025-06-19,670.32,Completed
196,705,2024-11-19,626.59,Pending
197,549,2025-03-09,975.17,Cancelled
198,566,2025-07-24,921.36,Pending
199,315,2025-08-14,2127.25,Completed
200,103,2024-08-07,2714.81,Cancelled
201,165,2025-02-02,13.26,Completed
202,615,2025-03-21,167.01,Completed
203,82,2025-09-15,3935.81,Completed
204,180,2025-10-17,2997.03,Pending
205,614,2025-06-06,443.55,Cancelled
206,245,2025-11-01,1464.22,Completed
207,686,2025-02-08,948.01,Pending
208,93,2025-07-16,2240.5,Completed
209,589,2024-01-05,728.31,Completed
210,516,2024-10-28,639.99,Completed
211,551,2025-08-11,2170.74,Completed
212,601,2024-01-29,167.01,Pending
213,649,2024-08-13,2474.12,Completed
214,255,2024-10-21,1681.56,Completed
215,322,2024-12-28,1326.38,Completed
216,241,2024-09-04,410.16,Completed
217,365,2024-06-08,270.51,Completed
218,629,2024-01-07,949.2,Cancelled
219,636,2024-11-18,545.93,Pending
220,591,2024-05-11,3362.41,Completed
221,469,2024-05-03,2265.49,Cancelled
222,334,2025-01-05,1530.55,Cancelled
223,352,2025-01-09,891.06,Completed
224,462,2024-07-03,1366.07,Cancelled
225,242,2025-07-22,2102.02,Pending
226,432,2025-05-26,3108.01,Completed
227,408,2024-04-11,631.54,Completed
228,645,2024-04-08,1379.07,Pending
229,21,2025-02-25,1790.59,Completed
230,179,2024-10-18,909.69,Completed
231,629,2024-10-20,310.49,Pending
232,647,2025-09-19,1778.54,Cancelled
233,728,2024-09-30,3927.28,Cancelled
234,172,2024-07-07,456.4,Completed
235,216,2024-06-19,144.14,Pending
236,562,2024-02-25,2208.7,Completed
237,317,2024-08-22,1102.16,Completed
238,36,2025-11-10,2052.15,Completed
239,456,2024-05-18,1905.15,Cancelled
240,446,2025-06-20,1704.83,Cancelled
241,316,2025-01-09,1641.34,Pending
242,294,2025-04-25,604.98,Cancelled
243,307,2024-01-10,509.25,Pending
244,422,2025-07-28,1630.59,Pending
245,270,2024-03-22,2511.6,Pending
246,292,2025-10-26,574.63,Cancelled
247,114,2025-10-14,3421.68,Pending
248,548,2024-01-23,638.5,Completed
249,733,2025-03-24,742.43,Completed
250,351,2025-03-06,528.78,Completed
251,273,2025-02-05,1415.87,Completed
252,732,2024-09-11,2169.76,Pending
253,682,2024-08-01,2178.59,Pending
254,534,2024-05-05,1838.99,Completed
255,116,2024-08-29,443.99,Pending
256,249,2024-01-10,2268.77,Completed
257,94,2025-12-03,2604.54,Cancelled
258,719,2025-07-03,1310.59,Completed
259,450,2024-07-16,2220.17,Completed
260,573,2024-10-28,2626.29,Cancelled
261,614,2025-07-21,348.55,Completed
262,303,2024-09-26,1705.18,Cancelled
263,20,2025-09-26,1368.45,Completed
264,397,2024-07-13,3378.13,Cancelled
265,114,2024-04-08,108.89,Cancelled
266,33,2024-07-25,2055.39,Completed
267,639,2025-12-19,1716.79,Cancelled
268,214,2025-11-02,652.41,Pending
269,370,2025-07-25,2809.98,Pending
270,73,2024-11-07,926.56,Completed
271,545,2025-01-29,1473.81,Completed
272,572,2025-07-25,897.0,Pending
273,367,2025-11-21,754.71,Pending
274,547,2025-09-06,1149.6,Pending
275,649,2025-03-16,1214.89,Completed
276,261,2025-01-03,2619.56,Pending
277,310,2024-01-07,1926.91,Completed
278,567,2025-06-07,846.58,Cancelled
279,142,2024-09-28,1482.78,Completed
280,585,2025-02-13,620.96,Cancelled
281,178,2025-05-14,980.28,Cancelled
282,39,2025-08-13,444.92,Pending
283,357,2025-03-20,214.67,Pending
284,12,2025-10-11,338.49,Pending
285,327,2025-07-06,719.55,Cancelled
286,52,2025-11-20,2672.7,Pending
287,152,2024-05-15,1059.99,Completed
288,562,2025-02-12,1365.48,Completed
289,715,2024-05-13,2071.16,Completed
290,537,2024-09-09,870.22,Completed
291,702,2025-08-12,321.36,Completed
292,375,2024-12-22,2080.47,Completed
293,359,2025-09-23,382.22,Pending
294,702,2025-01-17,449.55,Completed
295,249,2025-09-27,983.39,Completed
296,24,2024-12-05,1860.77,Completed
297,495,2025-09-29,670.32,Completed
298,45,2024-09-18,319.25,Completed
299,278,2024-02-24,636.44,Pending
300,679,2025-11-06,863.58,Completed
301,237,2025-01-24,88.24,Cancelled
302,612,2025-06-28,1651.83,Completed
303,41,2024-09-10,1094.02,Cancelled
304,701,2024-12-26,1354.04,Completed
305,31,2025-07-22,1204.28,Completed
306,90,2025-01-26,373.78,Cancelled
307,320,2025-09-11,2294.9,Completed
308,142,2024-11-12,1224.45,Cancelled
309,326,2024-03-10,328.88,Cancelled
310,745,2024-01-31,2622.35,Completed
311,156,2024-07-11,537.46,Completed
312,274,2025-09-12,1521.75,Cancelled
313,368,2024-03-22,1088.79,Pending
314,189,2025-01-31,1692.66,Pending
315,423,2024-08-15,908.8,Completed
316,502,2025-12-05,1510.46,Completed
317,738,2024-11-16,494.14,Pending
318,468,2024-02-13,2811.91,Completed
319,451,2025-02-11,791.25,Completed
320,146,2025-04-19,783.87,Pending
321,185,2025-08-22,486.16,Cancelled
322,184,2025-04-09,665.98,Cancelled
323,709,2025-10-26,287.19,Completed
324,650,2025-01-06,1504.8,Completed
325,344,2025-08-02,600.44,Completed
326,430,2024-11-11,1365.7,Completed
327,260,2024-01-13,1122.85,Pending
328,676,2025-05-02,1356.98,Pending
329,635,2025-10-05,777.59,Cancelled
330,38,2024-05-28,519.41,Completed
331,689,2024-10-18,1205.08,Cancelled
332,96,2024-11-02,1010.83,Completed
333,67,2024-10-26,1127.49,Pending
334,540,2025-02-27,621.66,Cancelled
335,586,2025-10-06,331.92,Cancelled
336,724,2024-10-21,1851.09,Pending
337,577,2025-05-23,2452.85,Cancelled
338,122,2024-01-25,151.29,Pending
339,425,2025-02-27,2530.58,Completed
340,707,2024-10-15,225.66,Completed
341,564,2024-11-27,93.4,Completed
342,406,2025-08-05,11.83,Cancelled
343,339,2024-12-12,1087.98,Pending
344,344,2025-04-18,35.49,Pending
345,579,2025-11-25,872.49,Completed
346,363,2024-03-08,1198.54,Completed
347,585,2025-09-12,1042.26,Pending
348,727,2024-02-02,669.96,Completed
349,538,2024-11-05,13.06,Completed
350,95,2025-03-30,426.66,Cancelled
351,158,2024-07-13,1042.15,Completed
352,211,2024-02-07,1718.37,Pending
353,342,2025-04-23,1482.42,Completed
354,24,2025-08-14,901.79,Completed
355,546,2024-11-22,435.11,Pending
356,281,2024-04-27,872.49,Completed
357,563,2024-11-22,359.14,Completed
358,73,2024-11-14,839.14,Cancelled
359,109,2025-01-27,257.88,Completed
360,722,2025-09-02,2650.5,Cancelled
361,81,2025-04-21,1079.04,Cancelled
362,318,2025-12-01,2282.21,Pending
363,333,2025-04-09,636.44,Pending
364,360,2025-05-05,1175.02,Pending
365,521,2024-04-15,413.79,Pending
366,310,2025-06-29,2477.43,Pending
367,68,2024-12-14,1727.99,Completed
368,729,2025-08-10,851.49,Pending
369,334,2025-07-22,1179.2,Completed
370,336,2025-05-21,315.77,Completed
371,652,2024-01-01,1308.65,Completed
372,592,2025-04-02,1289.98,Completed
373,446,2024-12-18,947.7,Completed
374,131,2024-10-28,483.22,Completed
375,113,2024-10-15,1569.45,Completed
376,729,2025-01-26,2614.79,Pending
377,394,2025-01-03,1450.57,Pending
378,74,2025-10-25,880.6,Completed
379,87,2024-05-20,2298.74,Pending
380,566,2025-04-05,1072.67,Pending
381,749,2024-08-30,1497.36,Cancelled
382,495,2025-12-22,151.42,Completed
383,146,2025-06-23,3323.74,Completed
384,701,2025-10-10,444.2,Cancelled
385,465,2025-06-08,711.38,Pending
386,712,2025-09-03,3410.28,Completed
387,673,2024-10-25,638.5,Cancelled
388,130,2025-06-01,964.09,Completed
389,115,2025-09-10,371.08,Completed
390,718,2024-08-29,997.74,Pending
391,87,2024-05-28,549.36,Cancelled
392,244,2025-11-07,1069.25,Pending
393,658,2024-09-27,704.42,Completed
394,488,2024-11-04,706.88,Pending
395,269,2024-05-28,2956.04,Cancelled
396,100,2025-06-28,2238.73,Completed
397,671,2025-08-21,1868.95,Pending
398,346,2025-11-24,195.56,Completed
399,422,2024-04-10,93.4,Cancelled
400,225,2024-10-17,849.29,Completed
401,609,2025-11-03,18.28,Completed
402,620,2024-05-13,448.11,Pending
403,302,2025-04-23,2694.05,Completed
404,166,2024-03-16,446.88,Completed
405,62,2024-09-21,157.62,Completed
406,403,2024-07-01,1444.71,Pending
407,224,2025-09-20,2243.14,Completed
408,457,2024-01-20,1042.89,Pending
409,273,2024-06-04,1667.07,Completed
410,746,2024-03-12,909.72,Cancelled
411,581,2025-07-02,1583.11,Completed
412,375,2025-07-01,49.42,Completed
413,664,2024-07-26,1487.88,Completed
414,307,2025-12-13,1034.55,Pending
415,499,2024-03-27,790.44,Pending
416,245,2025-05-15,210.99,Pending
417,512,2025-06-30,777.88,Pending
418,346,2024-02-13,947.31,Pending
419,470,2025-11-25,852.2,Cancelled
420,145,2025-05-15,2980.86,Completed
421,648,2024-02-21,1053.66,Completed
422,606,2024-03-06,786.36,Completed
423,226,2024-03-05,742.25,Completed
424,141,2024-11-25,283.83,Completed
425,65,2024-05-03,1556.57,Completed
426,567,2024-06-17,994.76,Pending
427,648,2025-09-19,1271.28,Pending
428,184,2024-04-01,1142.21,Cancelled
429,147,2025-10-17,1169.44,Completed
430,627,2024-03-31,874.22,Completed
431,98,2025-09-25,831.42,Completed
432,55,2024-07-17,355.52,Completed
433,687,2024-02-14,1503.68,Completed
434,45,2024-04-16,646.26,Completed
435,73,2024-08-28,1514.84,Pending
436,113,2024-11-29,613.23,Completed
437,205,2025-01-19,1059.99,Completed
438,56,2025-03-22,1237.09,Completed
439,383,2024-05-19,1124.81,Pending
440,131,2024-02-02,51.11,Cancelled
441,477,2025-04-14,706.16,Pending
442,161,2025-10-15,1223.51,Cancelled
443,422,2025-06-18,617.08,Pending
444,15,2025-03-14,351.57,Completed
445,153,2025-08-10,2843.76,Completed
446,404,2025-05-05,2642.66,Completed
447,224,2024-05-15,1232.34,Completed
448,166,2025-12-21,702.44,Pending
449,721,2025-02-19,1201.65,Completed
450,395,2025-12-08,364.64,Completed
451,715,2025-09-19,2703.63,Cancelled
452,57,2025-06-11,299.7,Completed
453,477,2025-09-25,295.5,Completed
454,727,2024-07-28,1394.7,Completed
455,720,2024-08-02,1051.32,Completed
456,65,2025-01-16,1740.79,Completed
457,300,2025-04-07,1706.34,Cancelled
458,83,2025-02-04,1463.96,Completed
459,509,2024-06-03,364.64,Completed
460,136,2025-04-30,835.64,Completed
461,533,2025-10-22,2241.03,Completed
462,562,2025-03-31,1183.57,Pending
463,496,2025-01-15,963.14,Completed
464,467,2024-06-19,1634.84,Cancelled
465,726,2025-12-10,422.19,Completed
466,130,2025-03-27,2654.53,Completed
467,353,2024-05-31,1176.99,Completed
468,470,2024-11-23,453.87,Completed
469,340,2025-10-24,1835.28,Completed
470,347,2025-12-06,1438.56,Completed
471,633,2024-08-13,1942.35,Pending
472,540,2024-08-15,511.91,Completed
473,525,2025-02-07,3178.66,Completed
474,734,2025-03-13,2385.99,Completed
475,221,2025-03-30,1829.89,Pending
476,602,2025-09-04,1641.65,Completed
477,68,2025-08-27,304.74,Pending
478,425,2024-06-28,527.86,Cancelled
479,568,2025-05-17,2156.48,Completed
480,230,2024-01-28,477.75,Completed
481,128,2025-10-31,2015.7,Completed
482,505,2024-03-09,969.66,Cancelled
483,711,2024-05-02,949.2,Completed
484,596,2024-02-29,1903.62,Completed
485,370,2025-03-05,364.64,Completed
486,655,2024-03-19,1061.44,Cancelled
487,172,2025-07-10,1771.77,Completed
488,99,2025-07-01,1229.16,Cancelled
489,497,2025-02-25,1467.72,Completed
490,193,2025-07-26,102.4,Cancelled
491,120,2024-05-14,3025.84,Completed
492,351,2024-06-25,392.98,Completed
493,132,2025-12-11,403.66,Completed
494,436,2025-12-08,863.58,Completed
495,44,2024-07-20,210.99,Completed
496,608,2024-03-01,974.58,Pending
497,68,2024-11-04,493.51,Completed
498,211,2025-08-24,543.7,Completed
499,285,2025-08-16,2953.23,Completed
500,584,2024-03-10,348.55,Completed
501,289,2024-06-24,261.29,Cancelled
502,517,2025-12-25,1373.81,Pending
503,364,2025-01-23,329.49,Pending
504,127,2025-04-22,560.8,Completed
505,740,2024-02-11,2307.7,Completed
506,704,2025-03-30,1286.57,Completed
507,14,2025-11-21,210.3,Pending
508,675,2025-11-23,963.14,Completed
509,712,2025-08-27,1035.22,Completed
510,610,2025-02-17,572.0,Completed
511,731,2025-08-18,2720.22,Cancelled
512,415,2025-05-11,1511.63,Cancelled
513,237,2025-10-05,432.42,Completed
514,70,2025-05-25,925.62,Completed
515,311,2025-09-28,124.34,Cancelled
516,505,2025-04-22,1071.12,Completed
517,554,2025-07-13,333.93,Completed
518,461,2024-11-18,2778.93,Pending
519,504,2025-03-17,1531.1,Completed
520,676,2025-07-21,1535.66,Cancelled
521,606,2025-01-21,1402.95,Cancelled
522,132,2025-01-10,373.02,Completed
523,390,2024-04-09,1338.86,Pending
524,241,2025-10-25,1461.87,Completed
525,313,2024-04-27,1433.3,Completed
526,674,2025-03-08,2157.06,Cancelled
527,400,2024-11-26,686.12,Cancelled
528,708,2025-11-22,1885.18,Completed
529,307,2025-01-07,1260.96,Pending
530,220,2024-10-21,1196.58,Completed
531,232,2025-10-01,567.66,Completed
532,69,2025-08-03,1137.03,Cancelled
533,680,2025-07-06,792.61,Completed
534,465,2025-11-18,1080.35,Cancelled
535,192,2025-08-13,971.97,Pending
536,630,2025-03-20,494.14,Cancelled
537,474,2024-05-31,1427.62,Completed
538,421,2024-11-22,1819.42,Completed
539,263,2025-12-04,605.01,Cancelled
540,29,2024-09-08,1153.63,Completed
541,140,2024-01-30,1178.57,Completed
542,21,2024-02-26,803.67,Completed
543,688,2025-11-04,1270.99,Completed
544,124,2025-06-18,1150.01,Cancelled
545,599,2025-02-03,1209.52,Completed
546,604,2024-02-27,1803.54,Pending
547,285,2024-05-28,2331.31,Completed
548,679,2024-02-25,1062.17,Completed
549,548,2024-08-30,1786.8,Pending
550,216,2024-06-13,342.93,Pending
551,483,2025-02-26,680.18,Completed
552,431,2025-09-08,1498.93,Cancelled
553,646,2025-03-30,455.16,Completed
554,322,2025-08-12,434.19,Completed
555,731,2025-10-26,2231.03,Completed
556,704,2025-08-30,630.67,Completed
557,585,2024-08-17,885.87,Completed
558,642,2024-08-22,2217.28,Completed
559,267,2024-06-01,2509.55,Completed
560,465,2025-11-20,686.22,Pending
561,196,2024-09-29,910.65,Completed
562,429,2024-07-03,611.69,Pending
563,462,2024-09-11,1795.35,Completed
564,731,2025-01-27,1343.12,Pending
565,483,2024-12-28,304.74,Cancelled
566,635,2025-01-25,2383.67,Completed
567,516,2025-05-19,3392.96,Completed
568,321,2024-02-15,2444.38,Completed
569,271,2025-06-13,2776.21,Completed
570,55,2024-07-12,398.33,Completed
571,482,2024-09-23,1983.37,Completed
572,497,2025-04-13,1423.8,Pending
573,127,2024-12-23,593.78,Completed
574,280,2025-07-30,1121.36,Cancelled
575,427,2024-03-19,1254.71,Completed
576,404,2025-01-17,49.42,Cancelled
577,30,2024-03-24,2710.19,Pending
578,464,2024-11-28,955.76,Cancelled
579,331,2024-02-26,1500.46,Completed
580,167,2025-02-01,1480.44,Pending
581,318,2025-12-02,1435.24,Cancelled
582,205,2025-05-16,1918.89,Pending
583,629,2024-07-09,1975.96,Pending
584,508,2025-06-23,364.64,Cancelled
585,82,2025-05-04,1566.7,Completed
586,536,2025-03-13,56.08,Completed
587,526,2024-04-20,2545.6,Cancelled
588,261,2025-08-22,449.55,Completed
589,184,2024-07-05,815.4,Pending
590,322,2025-08-24,2529.21,Pending
591,266,2025-11-20,1551.28,Completed
592,472,2025-12-09,3174.75,Pending
593,310,2024-03-30,377.47,Completed
594,28,2024-08-02,1298.63,Pending
595,196,2024-03-29,1286.05,Completed
596,497,2025-04-27,1455.43,Completed
597,106,2025-10-07,2495.51,Pending
598,500,2025-02-13,3997.39,Pending
599,66,2024-10-01,3082.69,Pending
600,166,2024-10-21,4133.5,Completed
601,617,2025-11-03,1326.15,Pending
602,427,2025-11-20,2024.41,Completed
603,133,2024-06-26,645.96,Completed
604,311,2024-08-28,863.58,Completed
605,366,2025-11-24,428.72,Completed
606,441,2024-04-26,869.47,Cancelled
607,349,2024-12-29,1553.67,Completed
608,686,2024-04-16,1032.32,Completed
609,43,2025-06-03,559.52,Completed
610,161,2024-10-26,2063.78,Pending
611,207,2025-03-25,285.44,Pending
612,294,2025-06-01,870.22,Completed
613,370,2025-10-06,801.11,Completed
614,440,2025-02-27,1119.52,Pending
615,735,2025-06-13,139.28,Completed
616,169,2025-03-20,3334.4,Completed
617,303,2025-03-05,2065.71,Pending
618,626,2024-05-30,2862.46,Pending
619,665,2025-02-18,1975.7,Completed
620,533,2025-07-07,973.73,Completed
621,349,2025-10-12,667.02,Completed
622,265,2024-09-04,658.43,Completed
623,363,2024-05-06,629.34,Completed
624,6,2025-04-09,1256.31,Completed
625,610,2024-08-27,3406.02,Completed
626,732,2025-01-21,1659.12,Cancelled
627,370,2025-04-10,900.72,Completed
628,95,2024-03-04,668.0,Pending
629,694,2025-06-22,937.37,Pending
630,750,2025-03-02,221.67,Completed
631,133,2025-12-22,302.49,Cancelled
632,485,2024-02-03,778.04,Completed
633,586,2024-10-23,500.32,Completed
634,302,2025-05-12,1495.91,Completed
635,291,2024-08-08,685.15,Completed
636,318,2025-08-02,2082.5,Pending
637,142,2025-05-31,2478.65,Pending
638,420,2025-01-31,1380.45,Completed
639,170,2025-12-25,2176.35,Completed
640,634,2025-07-08,583.35,Cancelled
641,488,2025-05-29,537.03,Completed
642,20,2024-10-08,109.62,Completed
643,87,2025-06-30,1941.01,Cancelled
644,448,2024-07-03,1073.25,Pending
645,392,2024-09-20,432.42,Completed
646,293,2024-05-27,1681.84,Completed
647,61,2025-09-21,1529.46,Completed
648,102,2024-11-23,928.0,Completed
649,612,2025-08-23,2282.88,Completed
650,417,2024-03-08,463.26,Pending
651,20,2024-10-02,428.16,Cancelled
652,312,2025-08-04,1765.39,Pending
653,252,2025-07-04,1646.24,Pending
654,1,2024-03-02,1174.53,Pending
655,600,2025-06-06,1302.57,Completed
656,577,2024-03-12,315.45,Completed
657,144,2025-07-23,1914.03,Completed
658,725,2025-04-08,427.66,Completed
659,614,2024-12-02,431.99,Completed
660,10,2025-11-19,1648.57,Completed
661,552,2024-02-01,764.64,Pending
662,367,2025-01-31,274.66,Completed
663,198,2025-03-31,641.66,Completed
664,197,2024-04-02,1782.16,Cancelled
665,288,2025-05-19,192.15,Cancelled
666,114,2024-10-11,3039.24,Cancelled
667,579,2024-06-28,1378.62,Completed
668,234,2025-06-19,2719.17,Completed
669,630,2024-09-15,1336.05,Cancelled
670,417,2024-10-07,2060.54,Completed
671,431,2025-06-29,2291.7,Pending
672,232,2025-12-07,270.51,Pending
673,169,2024-12-03,1034.55,Completed
674,29,2025-05-06,851.49,Pending
675,257,2024-09-10,941.31,Completed
676,615,2025-09-26,689.7,Pending
677,128,2024-03-28,446.88,Completed
678,131,2024-03-04,1196.58,Pending
679,68,2024-04-14,364.64,Completed
680,99,2025-09-24,2553.78,Pending
681,11,2025-04-09,947.33,Pending
682,465,2025-06-13,771.21,Completed
683,608,2024-07-17,603.87,Cancelled
684,493,2025-09-27,356.05,Pending
685,131,2024-11-15,2177.06,Cancelled
686,151,2025-04-25,1898.99,Completed
687,59,2024-08-31,257.88,Cancelled
688,206,2025-10-17,69.64,Completed
689,712,2025-12-09,1788.01,Pending
690,337,2024-06-15,626.34,Completed
691,478,2025-09-30,929.92,Completed
692,211,2025-02-13,54.29,Completed
693,367,2024-01-31,963.14,Cancelled
694,200,2025-10-08,627.53,Cancelled
695,269,2024-06-27,560.38,Completed
696,104,2024-01-22,1000.96,Completed
697,677,2024-06-24,1007.52,Cancelled
698,546,2025-01-22,971.94,Completed
699,602,2024-07-12,1096.32,Cancelled
700,130,2025-06-04,2214.78,Cancelled
701,521,2025-02-01,1417.62,Cancelled
702,539,2025-12-12,1298.65,Pending
703,225,2024-07-26,330.81,Pending
704,586,2024-06-09,829.23,Completed
705,361,2024-08-23,652.41,Cancelled
706,345,2025-03-12,1744.02,Pending
707,453,2024-08-27,382.32,Completed
708,514,2025-06-09,987.02,Cancelled
709,101,2024-05-01,2163.77,Completed
710,257,2024-11-05,1280.37,Completed
711,268,2024-01-09,2379.02,Completed
712,484,2025-10-31,1113.83,Cancelled
713,486,2024-08-27,1392.34,Cancelled
714,215,2025-03-25,13.06,Pending
715,132,2024-11-08,1224.88,Completed
716,708,2025-07-04,773.57,Completed
717,339,2025-08-04,1172.57,Cancelled
718,337,2025-08-06,608.32,Pending
719,706,2025-09-09,164.44,Pending
720,396,2024-10-17,895.51,Completed
721,59,2025-01-12,704.42,Cancelled
722,401,2024-06-09,412.04,Completed
723,399,2024-07-30,1658.01,Completed
724,163,2025-09-10,406.03,Cancelled
725,207,2024-01-08,2974.25,Completed
726,472,2025-04-18,151.29,Cancelled
727,662,2025-04-12,379.91,Completed
728,633,2025-03-18,2465.09,Pending
729,246,2024-06-10,1339.25,Completed
730,422,2025-07-20,638.03,Completed
731,259,2024-07-31,217.47,Cancelled
732,655,2025-12-12,1224.47,Pending
733,727,2024-05-19,1056.0,Completed
734,144,2025-04-27,531.05,Completed
735,302,2024-05-07,1687.77,Cancelled
736,183,2024-08-09,1148.85,Completed
737,657,2025-11-09,1610.71,Completed
738,256,2025-01-18,338.39,Completed
739,346,2024-07-15,685.79,Completed
740,742,2024-06-20,1888.61,Completed
741,213,2025-07-08,1346.33,Pending
742,670,2024-11-19,2108.82,Completed
743,45,2024-03-09,2985.28,Completed
744,258,2024-04-07,3408.3,Cancelled
745,341,2024-06-28,4023.02,Completed
746,656,2024-08-26,398.33,Cancelled
747,128,2024-11-12,1167.66,Completed
748,207,2024-06-04,687.54,Pending
749,455,2024-12-02,2721.69,Completed
750,25,2024-08-22,1653.81,Completed
751,704,2025-12-13,2298.45,Completed
752,198,2024-02-23,878.59,Completed
753,210,2024-08-29,386.82,Cancelled
754,319,2024-06-17,307.78,Completed
755,293,2025-08-13,1685.62,Pending
756,387,2024-06-20,2623.35,Pending
757,391,2025-03-13,2458.03,Completed
758,390,2025-04-19,2244.6,Completed
759,201,2024-06-07,682.86,Completed
760,504,2025-02-18,2400.2,Pending
761,40,2024-05-07,1454.07,Pending
762,522,2025-12-27,1490.02,Pending
763,249,2025-05-04,2079.48,Completed
764,268,2025-09-11,766.59,Pending
765,13,2024-04-29,1185.02,Completed
766,438,2024-09-15,1729.0,Completed
767,652,2025-08-09,2177.82,Completed
768,716,2024-11-11,1107.27,Completed
769,714,2025-03-03,1155.71,Cancelled
770,203,2025-05-13,944.01,Completed
771,191,2024-07-24,677.08,Completed
772,642,2025-10-01,1630.8,Completed
773,284,2024-03-06,75.71,Completed
774,497,2025-11-19,862.44,Completed
775,682,2025-08-19,947.31,Completed
776,385,2025-09-09,1748.58,Cancelled
777,380,2025-11-29,1550.64,Completed
778,59,2024-12-30,304.74,Completed
779,743,2024-05-22,644.01,Completed
780,717,2024-09-11,2268.22,Completed
781,654,2024-11-25,1657.64,Completed
782,240,2025-09-13,1998.86,Pending
783,395,2024-10-27,1082.54,Cancelled
784,734,2025-05-31,1458.7,Completed
785,479,2024-06-21,331.92,Pending
786,247,2024-09-06,1055.67,Completed
787,446,2024-01-30,1372.46,Completed
788,682,2025-05-02,1029.6,Completed
789,93,2025-12-09,1923.36,Completed
790,660,2024-12-17,3225.65,Pending
791,266,2024-04-28,149.85,Completed
792,607,2024-07-11,1807.25,Completed
793,64,2025-08-27,1207.08,Cancelled
794,696,2024-05-09,859.56,Cancelled
795,324,2024-05-28,1137.58,Completed
796,291,2024-05-29,794.31,Completed
797,490,2025-10-08,2835.89,Completed
798,231,2025-12-18,708.3,Completed
799,676,2024-06-12,1290.15,Completed
800,745,2024-10-16,1022.43,Completed
801,332,2025-08-17,3173.25,Completed
802,299,2024-05-28,1238.16,Completed
803,371,2025-08-12,574.53,Completed
804,99,2024-12-30,821.23,Pending
805,608,2025-03-20,1686.93,Completed
806,177,2025-10-30,889.84,Pending
807,282,2025-10-09,652.13,Pending
808,231,2024-01-24,1086.18,Cancelled
809,661,2025-12-20,1565.52,Pending
810,190,2025-02-19,4356.91,Completed
811,731,2025-10-29,672.33,Completed
812,6,2025-07-22,2488.28,Pending
813,90,2025-07-29,407.7,Completed
814,306,2025-01-07,539.19,Cancelled
815,48,2025-06-15,3652.08,Completed
816,552,2025-06-06,179.01,Completed
817,38,2024-07-11,1537.38,Completed
818,368,2024-10-11,2104.55,Completed
819,468,2024-03-26,1469.28,Completed
820,732,2025-01-16,877.8,Cancelled
821,27,2025-09-10,435.11,Completed
822,113,2025-12-01,1682.77,Cancelled
823,232,2024-10-07,223.44,Completed
824,108,2024-05-06,2185.71,Completed
825,289,2025-07-18,142.35,Completed
826,326,2025-02-02,1580.37,Completed
827,489,2025-08-29,2587.44,Completed
828,147,2025-01-22,1002.16,Cancelled
829,429,2025-12-24,600.52,Pending
830,294,2024-10-09,594.26,Pending
831,417,2024-11-16,929.97,Completed
832,96,2024-06-18,1223.1,Cancelled
833,568,2025-05-19,3012.69,Completed
834,715,2024-05-07,315.9,Pending
835,732,2025-03-11,1105.29,Cancelled
836,622,2025-04-04,182.88,Completed
837,362,2024-02-22,873.58,Pending
838,298,2024-11-02,1658.67,Pending
839,223,2024-11-08,684.24,Cancelled
840,500,2024-02-28,631.8,Completed
841,306,2024-12-28,1185.63,Completed
842,412,2024-12-29,667.86,Completed
843,87,2025-06-25,1129.0,Cancelled
844,160,2025-11-03,732.78,Completed
845,439,2024-07-05,968.91,Cancelled
846,445,2024-01-06,469.1,Completed
847,405,2025-03-07,1302.57,Completed
848,491,2025-11-12,102.4,Completed
849,508,2025-11-29,1414.61,Completed
850,135,2024-04-22,492.82,Completed
851,513,2024-01-14,255.3,Completed
852,612,2024-01-09,1112.17,Pending
853,747,2025-06-07,766.61,Completed
854,683,2025-03-15,1128.8,Completed
855,645,2025-10-11,592.49,Completed
856,197,2024-05-29,315.9,Pending
857,53,2025-01-24,1454.89,Pending
858,63,2025-06-06,398.86,Pending
859,373,2024-10-14,744.6,Completed
860,218,2024-10-19,2079.03,Pending
861,373,2024-12-08,432.42,Completed
862,700,2025-07-19,2027.93,Completed
863,620,2025-01-15,1639.59,Completed
864,645,2025-09-08,851.49,Completed
865,198,2025-12-22,929.97,Pending
866,352,2024-11-04,579.97,Pending
867,197,2025-03-04,2161.48,Cancelled
868,447,2024-03-10,2325.94,Pending
869,297,2024-02-16,210.99,Cancelled
870,408,2025-05-21,704.42,Cancelled
871,394,2025-07-29,1123.46,Pending
872,714,2024-01-10,1402.46,Cancelled
873,726,2024-10-01,352.21,Cancelled
874,547,2024-08-31,47.91,Completed
875,137,2024-10-03,53.32,Completed
876,665,2024-12-21,693.8,Cancelled
877,419,2025-09-18,1797.63,Completed
878,749,2024-10-13,2097.45,Completed
879,670,2024-09-20,1412.38,Cancelled
880,209,2025-08-18,609.81,Pending
881,378,2024-05-31,262.12,Pending
882,190,2024-06-29,1544.77,Completed
883,704,2025-09-14,481.57,Completed
884,252,2025-04-10,783.87,Pending
885,745,2024-01-13,446.88,Cancelled
886,113,2024-01-14,577.83,Completed
887,14,2024-01-10,1992.03,Completed
888,455,2024-06-16,401.02,Completed
889,643,2025-07-10,13.26,Completed
890,558,2024-10-30,1449.08,Completed
891,362,2025-11-02,2299.41,Completed
892,504,2024-06-22,559.02,Completed
893,342,2024-05-01,142.35,Completed
894,155,2024-07-01,1961.43,Pending
895,640,2024-10-20,870.22,Completed
896,272,2025-12-29,357.75,Completed
897,328,2024-05-31,1836.4,Pending
898,149,2024-04-02,1093.52,Completed
899,435,2025-05-07,2487.96,Pending
900,510,2025-07-05,856.53,Cancelled
901,540,2025-08-14,408.82,Completed
902,209,2024-01-18,1689.88,Completed
903,565,2025-03-07,1306.92,Completed
904,121,2025-12-13,1028.72,Completed
905,76,2025-05-03,276.63,Cancelled
906,251,2024-03-19,3790.96,Completed
907,482,2025-02-25,2562.06,Completed
908,619,2024-06-26,478.9,Cancelled
909,568,2025-12-29,582.33,Completed
910,387,2024-05-08,2734.42,Completed
911,710,2025-04-24,2153.05,Pending
912,663,2025-03-10,1066.01,Completed
913,246,2024-10-15,318.22,Completed
914,12,2024-11-12,456.73,Completed
915,584,2025-08-01,1399.66,Completed
916,513,2024-07-18,2473.07,Completed
917,104,2025-05-29,567.66,Completed
918,601,2024-02-08,1596.84,Completed
919,736,2024-08-25,2199.57,Completed
920,747,2025-09-15,616.82,Cancelled
921,41,2025-12-30,1051.33,Pending
922,581,2025-10-04,343.06,Pending
923,317,2025-07-14,1820.01,Completed
924,591,2025-01-07,309.99,Completed
925,265,2025-04-29,888.1,Completed
926,419,2025-09-26,3636.37,Completed
927,519,2025-04-05,1381.05,Completed
928,251,2025-12-17,459.79,Cancelled
929,385,2024-06-11,1303.27,Cancelled
930,478,2025-04-24,1356.37,Cancelled
931,412,2024-12-02,1196.89,Completed
932,118,2024-10-12,49.22,Pending
933,150,2025-10-17,1710.41,Completed
934,485,2024-08-06,587.69,Completed
935,277,2024-09-15,481.57,Completed
936,415,2024-03-24,1263.69,Completed
937,439,2024-12-16,501.18,Completed
938,549,2025-12-06,3128.65,Completed
939,80,2025-11-14,453.57,Cancelled
940,15,2024-06-03,973.79,Pending
941,270,2025-06-17,395.52,Completed
942,193,2025-03-06,1285.06,Cancelled
943,196,2025-11-26,26.12,Cancelled
944,310,2024-11-10,611.52,Cancelled
945,424,2025-02-24,670.99,Completed
946,181,2025-04-14,810.97,Pending
947,292,2025-11-06,1499.76,Pending
948,666,2024-01-17,2673.93,Cancelled
949,516,2025-08-18,1717.15,Completed
950,391,2024-04-27,933.42,Completed
951,8,2025-01-18,1688.77,Completed
952,5,2025-02-28,222.34,Completed
953,532,2025-09-06,2272.74,Completed
954,632,2025-10-21,639.99,Pending
955,132,2025-10-13,1404.46,Pending
956,237,2024-04-11,1034.55,Completed
957,643,2024-09-23,425.12,Cancelled
958,448,2024-01-12,721.86,Cancelled
959,586,2025-01-26,1743.36,Completed
960,246,2025-10-30,1693.08,Completed
961,676,2024-02-22,342.12,Completed
962,654,2025-08-16,1053.66,Completed
963,110,2024-05-25,953.78,Completed
964,401,2024-04-13,154.42,Pending
965,641,2024-03-19,1214.64,Completed
966,183,2025-11-06,274.66,Cancelled
967,496,2025-09-20,1302.57,Cancelled
968,125,2024-07-16,40.06,Cancelled
969,525,2024-06-05,1003.04,Completed
970,746,2025-12-09,1487.24,Completed
971,668,2024-10-28,2285.19,Pending
972,403,2024-04-15,1542.65,Cancelled
973,611,2024-10-05,357.68,Completed
974,205,2025-08-03,1219.17,Completed
975,524,2024-09-16,1388.99,Cancelled
976,185,2024-11-26,692.31,Pending
977,381,2024-05-28,455.24,Completed
978,735,2024-12-02,1866.03,Completed
979,218,2025-06-23,882.18,Completed
980,688,2024-03-17,1711.43,Cancelled
981,48,2024-10-08,274.66,Pending
982,616,2024-11-30,4252.71,Cancelled
983,473,2024-10-18,2270.44,Completed
984,482,2024-04-07,1057.32,Pending
985,321,2025-05-20,210.3,Cancelled
986,506,2025-10-18,978.71,Completed
987,108,2024-11-26,1498.0,Pending
988,551,2024-01-06,819.85,Completed
989,338,2025-12-05,1946.29,Cancelled
990,152,2025-08-21,2588.25,Pending
991,288,2024-11-25,1172.38,Pending
992,362,2025-07-25,922.47,Completed
993,218,2024-01-14,2767.95,Completed
994,527,2024-11-16,2266.47,Completed
995,464,2025-09-27,1271.77,Cancelled
996,434,2024-06-17,963.14,Completed
997,113,2024-09-03,1939.93,Completed
998,122,2025-07-17,1272.71,Completed
999,342,2024-02-24,1571.44,Pending
1000,199,2024-10-28,1885.06,Completed
1001,698,2024-02-21,228.74,Completed
1002,37,2025-08-12,1242.94,Completed
1003,636,2025-12-17,1701.37,Pending
1004,176,2024-07-27,1164.96,Completed
1005,516,2025-12-18,2514.2,Cancelled
1006,171,2024-07-10,1492.6,Completed
1007,79,2024-06-23,1579.4,Completed
1008,113,2024-02-16,1409.69,Completed
1009,103,2024-11-07,2229.29,Completed
1010,470,2024-01-14,1798.37,Completed
1011,496,2024-04-25,963.14,Completed
1012,676,2024-05-25,1855.89,Completed
1013,199,2025-01-21,608.59,Completed
1014,180,2024-09-28,530.68,Completed
1015,594,2025-06-16,667.86,Completed
1016,356,2024-10-22,786.36,Completed
1017,478,2025-11-28,2339.45,Completed
1018,67,2024-10-28,1345.35,Completed
1019,441,2024-12-26,230.07,Completed
1020,291,2025-05-29,1296.68,Cancelled
1021,443,2025-08-22,1363.56,Completed
1022,433,2025-02-12,1580.31,Completed
1023,696,2024-11-26,276.77,Cancelled
1024,568,2024-07-23,2051.16,Completed
1025,385,2025-03-23,1302.08,Completed
1026,702,2025-12-30,2175.44,Completed
1027,432,2024-03-31,733.7,Completed
1028,557,2025-08-02,499.94,Completed
1029,413,2025-11-17,3093.43,Completed
1030,342,2025-08-31,1351.63,Completed
1031,599,2025-11-21,305.76,Cancelled
1032,148,2025-07-29,734.13,Pending
1033,644,2024-11-14,3278.03,Completed
1034,533,2024-04-09,843.72,Completed
1035,401,2024-02-26,1148.89,Completed
1036,628,2025-11-28,333.93,Pending
1037,190,2024-05-25,1442.49,Completed
1038,488,2025-05-06,767.52,Completed
1039,401,2025-01-30,1634.46,Completed
1040,12,2025-08-17,222.93,Completed
1041,456,2024-02-13,1354.85,Completed
1042,163,2025-01-01,1882.73,Cancelled
1043,65,2024-06-27,2333.08,Completed
1044,286,2025-11-05,2414.94,Completed
1045,726,2025-06-03,2043.67,Cancelled
1046,633,2025-02-17,667.02,Completed
1047,238,2024-04-08,2754.36,Completed
1048,108,2024-06-27,2985.84,Pending
1049,453,2025-01-18,295.29,Cancelled
1050,111,2025-12-16,2852.8,Pending
1051,696,2024-10-19,1153.08,Completed
1052,89,2025-08-19,290.83,Completed
1053,6,2025-01-03,69.64,Pending
1054,509,2024-07-13,1554.29,Completed
1055,450,2025-03-13,194.45,Pending
1056,530,2024-11-01,262.12,Completed
1057,616,2025-07-07,457.48,Completed
1058,400,2025-12-21,214.67,Completed
1059,77,2025-07-01,1793.67,Cancelled
1060,320,2025-02-12,147.66,Cancelled
1061,597,2025-04-27,777.88,Completed
1062,268,2024-07-24,408.51,Completed
1063,338,2025-11-10,1291.3,Completed
1064,720,2024-02-06,153.6,Completed
1065,83,2025-07-18,1414.22,Pending
1066,509,2025-06-03,1498.51,Completed
1067,201,2025-07-01,995.59,Cancelled
1068,713,2024-05-08,856.01,Pending
1069,199,2024-12-17,204.41,Pending
1070,603,2024-01-11,2230.73,Completed
1071,59,2024-03-19,406.18,Completed
1072,359,2025-09-08,1867.77,Completed
1073,79,2024-09-13,1088.94,Cancelled
1074,455,2025-12-31,2309.88,Completed
1075,327,2025-12-15,592.04,Cancelled
1076,723,2025-09-28,969.12,Pending
1077,313,2025-07-20,39.18,Completed
1078,37,2024-08-28,1849.85,Pending
1079,87,2024-03-02,2078.43,Completed
1080,389,2024-07-07,358.02,Pending
1081,555,2024-12-22,1935.53,Completed
1082,744,2025-09-28,2959.43,Pending
1083,398,2025-11-25,2234.7,Completed
1084,479,2024-08-31,153.33,Completed
1085,88,2024-09-12,945.87,Cancelled
1086,276,2025-11-06,274.66,Completed
1087,677,2024-11-24,1037.44,Completed
1088,478,2024-02-07,2884.33,Completed
1089,565,2024-11-17,1753.72,Completed
1090,151,2025-09-24,838.49,Completed
1091,451,2025-08-16,168.24,Completed
1092,63,2024-09-22,255.3,Completed
1093,736,2024-02-15,1325.18,Cancelled
1094,116,2025-06-07,1226.82,Completed
1095,74,2025-10-19,1882.38,Pending
1096,418,2025-10-29,964.68,Completed
1097,27,2024-04-18,1211.33,Cancelled
1098,596,2025-12-30,1837.14,Completed
1099,391,2025-10-26,342.12,Completed
1100,516,2025-08-11,1103.18,Cancelled
1101,533,2025-03-27,1500.3,Completed
1102,237,2025-04-11,302.49,Completed
1103,420,2025-01-05,2536.93,Completed
1104,236,2025-04-04,1080.32,Pending
1105,418,2025-11-21,498.34,Cancelled
1106,322,2024-04-30,2430.47,Completed
1107,465,2024-01-16,102.4,Completed
1108,729,2025-04-26,238.33,Completed
1109,707,2024-06-19,1066.23,Completed
1110,363,2024-05-10,1151.72,Pending
1111,606,2025-09-15,261.29,Cancelled
1112,364,2025-04-04,1071.36,Pending
1113,522,2024-03-26,851.49,Completed
1114,691,2025-10-26,1496.61,Pending
1115,305,2025-05-20,583.35,Completed
1116,594,2025-06-04,1170.73,Pending
1117,441,2025-06-15,882.19,Completed
1118,499,2025-03-25,817.34,Completed
1119,683,2024-10-12,872.49,Completed
1120,173,2024-01-29,427.05,Cancelled
1121,200,2024-01-07,13.06,Pending
1122,585,2025-03-12,205.98,Pending
1123,456,2025-03-18,601.2,Pending
1124,81,2024-08-15,2700.61,Completed
1125,689,2024-03-16,333.93,Completed
1126,326,2024-07-13,143.73,Cancelled
1127,252,2024-05-20,1595.92,Cancelled
1128,509,2024-10-16,1530.33,Completed
1129,4,2025-03-20,2477.95,Completed
1130,629,2025-01-24,427.74,Cancelled
1131,308,2024-08-25,1895.76,Completed
1132,225,2024-04-25,1443.62,Completed
1133,677,2024-04-26,1611.06,Completed
1134,30,2024-10-24,1835.94,Completed
1135,268,2025-11-22,1505.41,Completed
1136,348,2025-10-13,1361.36,Completed
1137,212,2025-10-02,1788.97,Completed
1138,93,2025-12-22,2739.72,Completed
1139,371,2025-07-02,389.58,Completed
1140,298,2024-06-14,465.38,Completed
1141,21,2025-06-23,1110.39,Completed
1142,35,2024-10-05,2521.49,Completed
1143,76,2025-05-31,682.86,Pending
1144,620,2024-06-04,3031.17,Completed
1145,310,2024-10-07,1178.8,Pending
1146,386,2024-10-25,457.48,Pending
1147,286,2025-05-09,1009.8,Completed
1148,382,2025-07-13,2059.24,Completed
1149,577,2024-04-21,2293.5,Completed
1150,502,2025-08-30,963.14,Completed
1151,485,2025-06-19,1322.58,Cancelled
1152,346,2024-06-03,1775.66,Completed
1153,707,2024-08-02,2399.57,Cancelled
1154,527,2025-07-22,386.82,Completed
1155,385,2024-05-10,1619.75,Completed
1156,449,2024-04-26,2546.3,Completed
1157,409,2024-01-10,667.86,Completed
1158,536,2024-11-26,1482.52,Cancelled
1159,629,2025-01-15,2174.19,Cancelled
1160,169,2025-06-20,826.6,Pending
1161,154,2025-04-26,338.49,Completed
1162,205,2025-12-11,2552.45,Completed
1163,652,2025-07-26,742.36,Completed
1164,599,2024-11-09,2429.83,Completed
1165,157,2024-04-15,1930.09,Completed
1166,661,2025-01-27,1994.55,Completed
1167,173,2024-01-03,1343.14,Completed
1168,487,2024-01-01,142.35,Completed
1169,524,2025-03-26,1108.99,Pending
1170,724,2025-04-30,2537.13,Completed
1171,171,2025-10-10,931.6,Completed
1172,712,2024-09-13,1949.31,Completed
1173,746,2025-03-10,832.65,Completed
1174,201,2025-03-28,682.77,Completed
1175,378,2024-09-16,357.68,Cancelled
1176,663,2024-10-08,1810.22,Pending
1177,736,2025-04-27,2524.6,Cancelled
1178,40,2025-01-13,183.43,Completed
1179,430,2024-05-02,1489.7,Completed
1180,18,2024-12-06,654.94,Completed
1181,15,2025-11-11,592.81,Pending
1182,747,2024-09-30,240.26,Completed
1183,706,2025-06-01,168.44,Pending
1184,281,2025-07-28,139.28,Completed
1185,714,2024-03-29,1338.21,Cancelled
1186,606,2025-10-03,1440.82,Completed
1187,472,2024-03-24,1327.38,Completed
1188,318,2024-02-24,2309.31,Pending
1189,193,2024-10-06,976.16,Completed
1190,95,2025-05-16,2209.4,Completed
1191,38,2025-08-22,992.67,Pending
1192,356,2025-10-23,237.72,Completed
1193,93,2025-06-09,1093.84,Completed
1194,675,2025-10-08,2094.18,Completed
1195,35,2024-11-26,1789.71,Completed
1196,664,2024-04-12,929.68,Completed
1197,632,2025-04-12,1279.48,Cancelled
1198,495,2025-11-25,658.61,Pending
1199,276,2025-08-14,1302.57,Pending
1200,308,2025-09-03,1672.91,Cancelled
1201,56,2024-04-02,1129.1,Completed
1202,472,2024-01-01,1068.86,Completed
1203,190,2024-08-29,2093.59,Completed
1204,489,2024-06-12,1059.99,Completed
1205,716,2024-08-05,662.24,Pending
1206,137,2025-02-13,2282.63,Completed
1207,74,2024-12-21,686.22,Pending
1208,241,2025-01-12,1457.24,Completed
1209,662,2024-08-23,1486.68,Completed
1210,436,2024-06-03,2292.28,Completed
1211,184,2024-06-16,217.47,Pending
1212,703,2024-04-13,868.38,Pending
1213,589,2025-06-03,2555.08,Pending
1214,436,2024-09-21,3209.9,Completed
1215,115,2024-07-02,2382.81,Pending
1216,265,2024-07-21,1307.1,Cancelled
1217,376,2024-02-21,851.38,Cancelled
1218,274,2024-07-02,1877.12,Completed
1219,611,2024-04-24,120.18,Completed
1220,255,2024-06-28,1478.46,Completed
1221,649,2025-05-20,2126.05,Pending
1222,583,2025-04-14,275.86,Completed
1223,151,2025-09-15,3012.44,Completed
1224,411,2024-01-23,1226.27,Completed
1225,197,2025-08-07,1299.41,Completed
1226,588,2025-04-29,769.83,Completed
1227,409,2024-07-04,1582.59,Completed
1228,282,2024-09-30,409.44,Pending
1229,66,2025-09-18,2219.88,Completed
1230,13,2024-12-17,2477.31,Completed
1231,216,2025-06-29,3617.37,Completed
1232,575,2024-12-19,1205.06,Completed
1233,323,2025-04-07,1379.37,Pending
1234,171,2025-10-01,1945.1,Completed
1235,551,2024-05-14,288.28,Pending
1236,217,2024-04-23,2391.07,Cancelled
1237,361,2024-08-10,1653.49,Pending
1238,515,2025-07-02,2054.41,Cancelled
1239,296,2024-01-04,592.22,Cancelled
1240,595,2025-10-30,1888.21,Pending
1241,516,2024-03-23,2925.81,Cancelled
1242,380,2024-01-24,1703.03,Cancelled
1243,180,2025-04-28,2176.35,Completed
1244,471,2024-09-07,1571.12,Cancelled
1245,164,2024-09-07,457.11,Pending
1246,699,2025-11-24,1876.57,Pending
1247,663,2025-06-30,1915.97,Completed
1248,373,2025-02-13,1539.51,Cancelled
1249,740,2024-06-22,1561.91,Completed
1250,338,2025-10-19,842.27,Completed
1251,339,2025-04-06,1895.81,Completed
1252,27,2024-08-14,2518.12,Completed
1253,487,2025-12-31,2901.37,Pending
1254,300,2025-01-28,373.76,Completed
1255,599,2024-01-13,2873.13,Completed
1256,175,2024-12-18,1509.47,Completed
1257,494,2024-06-28,2067.61,Pending
1258,285,2025-09-15,1818.3,Completed
1259,537,2024-08-21,1814.44,Completed
1260,69,2024-10-04,213.33,Cancelled
1261,581,2025-06-19,1183.53,Completed
1262,234,2025-12-07,1632.0,Pending
1263,94,2024-07-13,1419.5,Completed
1264,250,2025-08-22,1807.42,Cancelled
1265,120,2025-03-28,1435.74,Completed
1266,10,2025-08-18,522.58,Pending
1267,604,2025-10-12,2244.56,Cancelled
1268,337,2025-06-03,935.09,Pending
1269,695,2025-07-28,910.24,Cancelled
1270,522,2025-04-26,377.27,Pending
1271,97,2025-03-29,506.27,Completed
1272,315,2025-05-28,1343.73,Completed
1273,216,2025-08-07,1525.7,Completed
1274,625,2025-11-09,2865.82,Completed
1275,235,2024-09-26,435.48,Pending
1276,461,2024-11-11,2562.82,Pending
1277,468,2024-10-07,1749.55,Completed
1278,383,2024-01-25,2077.11,Completed
1279,516,2025-03-26,309.99,Completed
1280,334,2025-05-06,3347.11,Cancelled
1281,622,2025-08-23,144.14,Pending
1282,283,2025-07-04,2735.79,Completed
1283,156,2024-06-03,850.6,Cancelled
1284,587,2025-07-13,1355.01,Completed
1285,370,2025-04-01,1072.52,Completed
1286,342,2024-07-22,1287.15,Completed
1287,438,2025-02-09,35.49,Pending
1288,525,2025-01-17,1948.53,Completed
1289,342,2025-10-11,194.45,Completed
1290,116,2025-06-28,645.16,Completed
1291,666,2024-07-14,3582.63,Completed
1292,75,2024-07-05,2691.0,Cancelled
1293,412,2025-08-11,920.7,Completed
1294,9,2024-08-18,2000.48,Completed
1295,469,2025-10-31,1530.85,Completed
1296,212,2024-11-11,667.02,Completed
1297,41,2024-05-10,1361.07,Cancelled
1298,207,2024-11-06,1597.57,Completed
1299,127,2025-01-19,2585.02,Completed
1300,409,2024-07-22,1383.69,Completed
1301,167,2024-08-02,2809.36,Completed
1302,520,2025-01-03,831.03,Pending
1303,410,2024-04-12,1513.48,Completed
1304,667,2025-10-21,1552.31,Pending
1305,182,2025-08-01,1719.67,Completed
1306,40,2024-03-03,1431.27,Cancelled
1307,633,2025-02-28,3563.5,Completed
1308,374,2024-04-22,262.12,Completed
1309,414,2025-10-02,1315.23,Completed
1310,36,2024-05-27,98.44,Pending
1311,740,2025-06-21,539.35,Completed
1312,430,2024-03-08,2056.49,Completed
1313,319,2025-05-02,1685.54,Pending
1314,490,2025-05-19,667.89,Cancelled
1315,231,2025-11-06,877.06,Completed
1316,630,2024-04-17,525.21,Completed
1317,337,2025-12-28,439.38,Pending
1318,594,2024-02-05,70.33,Pending
1319,15,2024-05-26,1006.31,Completed
1320,493,2025-05-10,1944.87,Completed
1321,465,2025-09-28,2052.9,Completed
1322,191,2024-09-18,2894.62,Completed
1323,270,2024-03-05,618.89,Completed
1324,564,2025-12-30,655.0,Completed
1325,567,2024-03-25,697.38,Cancelled
1326,18,2024-07-22,931.9,Completed
1327,372,2025-07-06,445.48,Completed
1328,651,2025-10-11,1453.5,Cancelled
1329,435,2024-07-26,910.32,Completed
1330,535,2025-03-07,1503.09,Pending
1331,685,2024-11-15,862.44,Completed
1332,148,2025-05-07,253.77,Completed
1333,606,2024-07-17,645.8,Completed
1334,744,2025-08-22,342.23,Completed
1335,12,2025-10-14,1899.07,Completed
1336,677,2025-03-24,147.66,Completed
1337,466,2024-06-06,358.8,Completed
1338,642,2025-04-22,742.38,Pending
1339,231,2025-06-19,295.14,Completed
1340,372,2024-09-04,888.74,Pending
1341,258,2025-10-17,585.34,Cancelled
1342,104,2025-12-31,837.64,Pending
1343,682,2024-09-29,3550.14,Completed
1344,44,2025-09-08,322.58,Completed
1345,245,2025-01-04,2636.89,Cancelled
1346,588,2025-06-19,3326.3,Completed
1347,25,2025-10-07,364.64,Completed
1348,747,2025-04-12,2508.21,Completed
1349,49,2024-11-28,2068.49,Pending
1350,411,2024-12-22,1699.14,Completed
1351,314,2024-04-13,2753.92,Completed
1352,360,2024-12-11,1386.18,Pending
1353,596,2024-11-13,1105.42,Cancelled
1354,204,2024-04-05,2929.81,Completed
1355,395,2024-04-16,137.93,Completed
1356,42,2024-09-08,766.04,Cancelled
1357,712,2024-08-12,603.85,Completed
1358,13,2024-10-30,767.31,Completed
1359,450,2025-02-28,1578.22,Cancelled
1360,410,2025-10-04,1917.04,Cancelled
1361,241,2024-11-23,2820.24,Cancelled
1362,552,2025-08-15,811.53,Completed
1363,549,2024-11-17,1838.17,Completed
1364,230,2025-04-21,1053.66,Completed
1365,510,2025-08-28,352.21,Pending
1366,460,2025-07-26,906.89,Completed
1367,737,2024-10-09,1747.59,Cancelled
1368,722,2024-05-16,696.51,Pending
1369,339,2024-08-26,2314.01,Cancelled
1370,602,2024-05-02,697.1,Completed
1371,200,2024-09-11,678.85,Cancelled
1372,747,2024-05-02,288.28,Completed
1373,718,2025-12-02,2137.29,Pending
1374,364,2024-06-30,1046.16,Pending
1375,360,2025-10-24,2307.14,Completed
1376,571,2024-03-01,352.21,Completed
1377,13,2024-01-05,1397.49,Completed
1378,194,2025-10-13,2044.57,Cancelled
1379,384,2025-08-10,1649.8,Completed
1380,551,2024-05-03,1074.89,Completed
1381,103,2025-05-24,1685.46,Completed
1382,399,2025-04-03,69.64,Completed
1383,145,2024-09-02,358.44,Pending
1384,492,2025-11-06,1423.8,Cancelled
1385,680,2025-11-01,2279.74,Completed
1386,300,2025-10-03,2104.64,Pending
1387,496,2025-09-16,1727.0,Pending
1388,43,2024-07-11,1655.21,Completed
1389,50,2025-07-01,797.72,Completed
1390,361,2025-07-04,1292.66,Completed
1391,220,2024-04-11,1019.41,Pending
1392,732,2024-07-27,1283.64,Pending
1393,391,2024-07-29,767.57,Completed
1394,381,2025-02-15,1872.87,Completed
1395,433,2025-11-27,1638.33,Cancelled
1396,426,2025-02-27,1669.82,Pending
1397,642,2025-12-10,611.52,Pending
1398,679,2025-12-07,47.91,Completed
1399,163,2025-05-15,1136.75,Completed
1400,698,2025-12-12,1204.88,Pending
1401,405,2024-07-25,1488.54,Completed
1402,39,2025-02-01,373.02,Completed
1403,248,2025-03-22,1550.69,Cancelled
1404,194,2024-08-03,194.45,Completed
1405,350,2024-09-13,1212.27,Completed
1406,157,2024-10-25,228.74,Cancelled
1407,344,2025-11-04,429.34,Pending
1408,252,2025-09-08,2299.1,Cancelled
1409,702,2024-03-07,1381.05,Pending
1410,742,2024-11-25,481.57,Completed
1411,7,2025-01-25,954.9,Completed
1412,123,2024-08-17,1295.37,Completed
1413,586,2025-10-22,2593.89,Pending
1414,700,2025-05-17,2158.58,Cancelled
1415,550,2025-01-03,1056.13,Completed
1416,264,2024-06-13,667.86,Completed
1417,44,2025-04-15,529.29,Pending
1418,214,2025-02-19,2783.5,Pending
1419,682,2025-02-12,581.25,Completed
1420,200,2025-11-06,239.58,Cancelled
1421,219,2025-02-06,2209.73,Completed
1422,223,2024-12-11,1384.38,Cancelled
1423,185,2025-03-29,1648.56,Completed
1424,697,2025-07-30,2496.92,Completed
1425,499,2024-11-19,127.65,Cancelled
1426,88,2024-01-22,172.19,Completed
1427,366,2024-07-26,275.7,Completed
1428,598,2025-04-02,815.34,Pending
1429,156,2024-06-16,120.18,Pending
1430,163,2025-07-29,2326.7,Cancelled
1431,41,2024-05-18,2605.48,Pending
1432,599,2025-08-08,1285.6,Completed
1433,379,2024-03-11,1176.0,Completed
1434,114,2025-11-15,1764.25,Completed
1435,17,2025-09-28,2952.74,Cancelled
1436,502,2024-11-22,296.84,Completed
1437,270,2025-04-04,2450.38,Pending
1438,341,2025-07-18,1326.87,Completed
1439,20,2024-11-05,535.12,Pending
1440,712,2025-11-19,1959.17,Completed
1441,136,2024-12-20,576.49,Completed
1442,688,2024-03-27,431.79,Completed
1443,249,2024-03-17,1085.72,Completed
1444,10,2024-01-14,1379.37,Completed
1445,647,2024-12-04,1293.66,Completed
1446,205,2024-03-24,438.53,Completed
1447,444,2025-12-03,1703.46,Completed
1448,641,2025-06-26,1379.41,Completed
1449,750,2025-11-23,86.93,Cancelled
1450,7,2024-03-22,304.41,Completed
1451,194,2025-12-17,381.93,Completed
1452,234,2024-06-15,1001.57,Pending
1453,257,2024-12-19,890.52,Completed
1454,289,2024-06-14,636.44,Completed
1455,62,2025-09-26,382.95,Pending
1456,13,2025-11-21,2021.46,Completed
1457,583,2024-09-25,2656.92,Completed
1458,560,2024-07-13,1091.31,Completed
1459,473,2024-11-28,2688.66,Pending
1460,26,2024-05-22,2619.67,Completed
1461,155,2025-08-30,354.44,Completed
1462,278,2024-12-11,524.24,Completed
1463,311,2025-07-16,1300.38,Completed
1464,444,2025-03-21,1216.0,Completed
1465,297,2024-05-24,1115.82,Completed
1466,646,2024-11-14,1548.68,Cancelled
1467,706,2024-05-11,1580.42,Completed
1468,321,2025-10-11,1833.1,Pending
1469,330,2025-10-09,370.74,Cancelled
1470,501,2025-07-30,1239.9,Pending
1471,394,2024-05-31,1901.0,Cancelled
1472,69,2025-04-05,579.19,Pending
1473,61,2025-04-30,323.77,Completed
1474,495,2025-07-29,2879.92,Completed
1475,662,2024-07-11,546.96,Cancelled
1476,200,2025-06-20,1149.71,Cancelled
1477,268,2024-07-28,1361.54,Completed
1478,378,2025-04-21,2032.99,Completed
1479,281,2025-04-11,757.28,Completed
1480,601,2024-05-11,137.33,Completed
1481,566,2025-05-03,1910.22,Completed
1482,644,2025-03-20,1135.49,Completed
1483,41,2025-06-07,557.41,Completed
1484,156,2024-04-14,1012.91,Cancelled
1485,347,2024-03-24,823.43,Pending
1486,427,2025-10-19,533.53,Pending
1487,163,2024-04-28,427.34,Completed
1488,25,2024-02-23,816.62,Completed
1489,397,2025-10-11,350.14,Pending
1490,25,2025-11-16,108.89,Pending
1491,37,2024-08-01,936.99,Completed
1492,218,2024-06-04,811.53,Cancelled
1493,289,2024-09-29,1534.24,Cancelled
1494,343,2024-07-19,1013.5,Completed
1495,618,2025-10-29,1329.62,Cancelled
1496,584,2024-11-01,1341.49,Completed
1497,259,2024-08-10,112.83,Cancelled
1498,186,2024-12-07,1926.44,Completed
1499,492,2025-07-28,1396.73,Cancelled
1500,1,2024-02-01,255.77,Cancelled
1501,1,2024-11-06,2268.68,Pending
1502,434,2025-01-16,1316.18,Completed
1503,310,2024-05-25,2003.38,Completed
1504,179,2024-01-15,261.29,Completed
1505,594,2025-12-12,1463.03,Cancelled
1506,221,2024-03-07,924.66,Pending
1507,591,2024-02-15,957.92,Completed
1508,688,2024-10-05,948.04,Completed
1509,577,2025-03-21,2032.25,Cancelled
1510,377,2025-04-12,127.42,Pending
1511,554,2024-05-29,331.96,Completed
1512,300,2024-05-31,1544.6,Pending
1513,462,2025-07-06,208.92,Completed
1514,614,2024-12-15,1832.31,Cancelled
1515,84,2025-03-05,494.14,Completed
1516,5,2024-09-17,291.39,Cancelled
1517,501,2024-04-29,2549.48,Completed
1518,591,2024-12-25,686.22,Pending
1519,160,2025-12-11,427.05,Completed
1520,508,2024-05-27,955.34,Completed
1521,196,2024-01-25,182.32,Completed
1522,191,2025-11-27,460.14,Completed
1523,433,2025-01-01,917.28,Pending
1524,352,2025-02-01,2178.77,Completed
1525,651,2025-09-21,255.3,Cancelled
1526,512,2024-11-23,690.21,Completed
1527,393,2025-07-05,2366.25,Completed
1528,500,2024-03-29,1240.79,Pending
1529,466,2025-01-23,1135.56,Completed
1530,566,2025-12-21,775.94,Pending
1531,608,2025-11-22,1825.77,Completed
1532,670,2024-02-19,917.28,Completed
1533,179,2025-04-07,871.3,Completed
1534,113,2025-12-04,398.78,Completed
1535,256,2024-01-06,815.78,Pending
1536,229,2024-12-14,2087.21,Cancelled
1537,136,2025-09-11,173.86,Cancelled
1538,716,2025-03-16,673.76,Completed
1539,447,2025-07-24,318.22,Pending
1540,681,2025-01-01,1068.41,Pending
1541,192,2025-11-11,1864.89,Completed
1542,597,2025-02-27,398.33,Completed
1543,308,2024-05-16,13.06,Pending
1544,13,2024-04-25,728.17,Cancelled
1545,250,2025-05-06,579.3,Completed
1546,102,2024-06-25,1444.71,Pending
1547,523,2024-05-28,1297.62,Completed
1548,231,2024-09-25,499.94,Pending
1549,329,2025-02-08,1166.28,Completed
1550,461,2025-09-12,542.91,Completed
1551,662,2025-10-12,1618.78,Completed
1552,444,2025-09-06,3217.11,Completed
1553,379,2024-10-11,2535.11,Pending
1554,335,2024-11-11,4199.16,Pending
1555,141,2025-04-25,604.98,Completed
1556,546,2025-06-13,690.21,Cancelled
1557,278,2024-10-22,1313.89,Cancelled
1558,196,2024-12-22,1508.94,Completed
1559,286,2024-09-27,2538.96,Cancelled
1560,195,2025-12-04,937.38,Completed
1561,654,2024-09-09,1192.5,Completed
1562,496,2024-10-04,1452.17,Cancelled
1563,564,2025-02-06,763.86,Completed
1564,466,2025-07-17,1011.52,Cancelled
1565,644,2025-05-16,706.66,Cancelled
1566,321,2024-05-02,399.0,Completed
1567,72,2024-10-11,1472.09,Completed
1568,41,2025-11-07,227.62,Cancelled
1569,640,2024-10-10,1927.09,Completed
1570,363,2024-08-30,168.24,Completed
1571,226,2024-06-24,579.45,Pending
1572,585,2025-09-20,1705.17,Completed
1573,178,2024-08-13,152.37,Completed
1574,446,2025-08-16,1650.86,Cancelled
1575,454,2024-06-02,2557.92,Pending
1576,351,2024-11-25,1212.62,Completed
1577,616,2025-12-16,1277.85,Pending
1578,362,2025-02-18,921.18,Completed
1579,615,2025-04-25,859.37,Completed
1580,399,2025-08-08,887.4,Completed
1581,92,2025-03-23,1015.88,Completed
1582,225,2025-08-22,921.48,Cancelled
1583,235,2024-04-02,947.7,Completed
1584,52,2024-09-13,1008.53,Completed
1585,191,2024-08-22,1589.52,Pending
1586,54,2025-08-09,445.51,Completed
1587,618,2025-12-30,299.0,Completed
1588,184,2025-06-30,2094.94,Completed
1589,9,2024-11-29,346.22,Completed
1590,139,2024-06-20,1741.84,Completed
1591,252,2025-04-10,438.53,Completed
1592,656,2025-09-12,223.44,Completed
1593,295,2025-04-16,1759.54,Cancelled
1594,663,2025-06-16,2765.21,Completed
1595,38,2024-07-30,587.21,Completed
1596,385,2024-11-02,826.6,Completed
1597,17,2024-08-08,1155.0,Pending
1598,665,2024-11-05,525.69,Pending
1599,259,2025-05-13,1158.79,Pending
1600,150,2025-10-17,1778.06,Completed
1601,80,2025-09-04,369.72,Completed
1602,361,2024-12-05,1382.22,Completed
1603,277,2024-03-02,1047.61,Completed
1604,414,2024-12-08,2114.54,Cancelled
1605,127,2025-03-24,3169.74,Pending
1606,519,2024-03-09,1784.59,Completed
1607,146,2024-07-20,776.36,Completed
1608,429,2025-08-05,1259.56,Completed
1609,68,2024-06-16,1147.75,Completed
1610,689,2025-05-20,321.36,Completed
1611,632,2025-01-16,1652.55,Pending
1612,540,2024-06-08,1702.84,Cancelled
1613,495,2024-10-05,1809.18,Completed
1614,110,2024-05-31,520.4,Cancelled
1615,157,2024-04-10,1762.48,Cancelled
1616,84,2024-09-05,2485.46,Completed
1617,158,2025-02-28,344.38,Pending
1618,316,2024-08-29,2259.33,Pending
1619,250,2025-09-17,1939.8,Completed
1620,85,2024-03-25,360.56,Completed
1621,53,2024-01-03,753.58,Pending
1622,683,2025-08-08,704.42,Completed
1623,103,2024-02-09,326.67,Cancelled
1624,197,2024-06-23,2622.03,Pending
1625,142,2024-03-07,2812.4,Pending
1626,622,2024-08-17,210.3,Completed
1627,712,2025-04-29,933.66,Pending
1628,241,2024-11-12,1788.19,Completed
1629,38,2024-03-22,481.57,Completed
1630,130,2024-06-01,1278.69,Completed
1631,446,2025-02-23,1904.86,Completed
1632,161,2025-02-04,1592.06,Completed
1633,475,2025-11-05,2448.51,Pending
1634,675,2024-11-18,612.51,Cancelled
1635,499,2024-12-08,271.14,Completed
1636,526,2025-09-10,799.78,Pending
1637,647,2025-01-04,1143.34,Completed
1638,217,2024-05-31,2362.01,Completed
1639,202,2025-03-21,1193.93,Completed
1640,19,2025-02-21,706.66,Cancelled
1641,624,2025-08-08,826.99,Completed
1642,235,2025-11-15,1065.74,Cancelled
1643,461,2024-09-01,333.93,Pending
1644,281,2025-07-02,3137.39,Cancelled
1645,680,2024-02-22,232.34,Pending
1646,241,2025-02-02,1365.47,Cancelled
1647,82,2024-12-02,3163.64,Completed
1648,688,2024-09-20,960.73,Pending
1649,371,2024-04-09,634.12,Completed
1650,125,2024-01-04,889.84,Completed
1651,117,2025-04-07,28.8,Completed
1652,524,2024-05-05,1258.15,Pending
1653,194,2025-07-12,1461.87,Completed
1654,65,2024-06-15,2774.98,Completed
1655,647,2024-12-25,917.25,Completed
1656,218,2024-06-20,4663.35,Completed
1657,571,2025-04-13,1125.89,Pending
1658,4,2025-08-07,321.36,Completed
1659,426,2024-01-08,1853.78,Completed
1660,140,2025-04-29,2235.58,Pending
1661,252,2024-11-15,1461.21,Cancelled
1662,389,2024-06-05,1933.46,Completed
1663,316,2024-11-03,444.68,Pending
1664,190,2025-12-29,1562.88,Completed
1665,372,2024-04-26,1504.62,Completed
1666,597,2024-03-21,102.22,Completed
1667,555,2024-03-22,2108.17,Cancelled
1668,320,2025-03-06,1919.57,Completed
1669,5,2024-04-19,706.66,Pending
1670,555,2024-04-19,993.84,Completed
1671,343,2024-06-21,344.85,Completed
1672,224,2025-12-26,628.94,Completed
1673,6,2025-11-28,2199.02,Cancelled
1674,61,2025-03-16,2895.11,Completed
1675,295,2024-10-02,36.56,Completed
1676,664,2025-09-11,299.7,Pending
1677,196,2024-09-16,1508.06,Completed
1678,136,2025-12-29,754.83,Completed
1679,701,2025-02-08,373.69,Completed
1680,735,2024-04-23,2023.8,Completed
1681,378,2024-11-28,1489.39,Pending
1682,212,2025-02-02,1411.32,Completed
1683,502,2025-05-15,1545.47,Completed
1684,537,2024-10-23,1442.89,Completed
1685,543,2024-03-07,1784.38,Cancelled
1686,400,2024-10-03,1082.01,Completed
1687,225,2025-07-18,822.28,Cancelled
1688,261,2025-12-07,2847.49,Completed
1689,65,2025-08-03,318.31,Completed
1690,629,2025-08-11,1038.25,Cancelled
1691,21,2024-12-01,1340.62,Cancelled
1692,739,2025-03-11,1455.57,Completed
1693,578,2024-12-31,1908.85,Completed
1694,483,2024-09-03,2559.28,Cancelled
1695,106,2025-08-01,736.08,Completed
1696,548,2024-03-15,1453.58,Completed
1697,263,2024-01-12,1182.22,Cancelled
1698,349,2024-08-30,574.38,Cancelled
1699,550,2025-10-06,1059.99,Completed
1700,555,2024-06-20,1304.53,Completed
1701,597,2024-08-22,1600.5,Cancelled
1702,570,2025-12-13,151.29,Completed
1703,22,2025-11-14,1323.58,Completed
1704,184,2024-07-19,1336.86,Completed
1705,232,2025-09-25,411.99,Completed
1706,376,2025-10-04,2556.62,Completed
1707,36,2025-06-29,1448.04,Completed
1708,446,2024-08-22,3444.6,Completed
1709,606,2025-08-22,2246.54,Completed
1710,626,2025-03-31,1661.67,Completed
1711,416,2024-10-29,1881.67,Pending
1712,718,2025-06-30,1581.93,Completed
1713,552,2024-08-25,1012.5,Completed
1714,76,2024-09-04,208.92,Cancelled
1715,96,2024-09-22,287.12,Completed
1716,211,2024-05-23,494.14,Completed
1717,453,2024-03-14,302.58,Pending
1718,169,2025-11-28,791.6,Completed
1719,741,2024-02-01,2161.52,Completed
1720,705,2024-07-13,260.79,Pending
1721,59,2025-10-07,261.29,Cancelled
1722,321,2025-01-23,1890.05,Completed
1723,615,2025-11-15,1618.95,Cancelled
1724,637,2024-02-13,916.67,Completed
1725,3,2025-11-08,542.7,Completed
1726,371,2025-06-12,1104.77,Completed
1727,423,2024-06-01,454.87,Completed
1728,318,2024-06-23,946.62,Cancelled
1729,213,2024-09-03,3645.97,Pending
1730,190,2024-05-08,435.11,Completed
1731,402,2024-09-15,813.42,Cancelled
1732,6,2024-09-24,374.28,Completed
1733,199,2025-01-22,910.32,Completed
1734,159,2025-11-20,1992.57,Completed
1735,744,2024-06-23,1028.47,Cancelled
1736,378,2025-06-25,1066.54,Pending
1737,474,2024-02-11,2058.02,Pending
1738,44,2024-07-10,809.99,Pending
1739,700,2024-07-10,2368.62,Completed
1740,482,2025-01-21,2813.72,Completed
1741,24,2024-08-19,2024.65,Completed
1742,340,2024-05-17,382.95,Pending
1743,39,2024-10-23,1056.58,Completed
1744,539,2024-09-20,1186.46,Cancelled
1745,105,2024-04-02,1186.45,Completed
1746,608,2024-04-03,2036.96,Completed
1747,741,2024-03-19,1908.59,Completed
1748,738,2025-06-21,487.29,Completed
1749,28,2024-01-31,344.38,Cancelled
1750,563,2024-05-10,428.16,Cancelled
1751,342,2025-04-28,648.53,Pending
1752,4,2025-09-27,1208.33,Completed
1753,73,2024-05-06,1244.03,Cancelled
1754,489,2024-12-17,881.87,Completed
1755,221,2025-09-13,939.33,Cancelled
1756,346,2025-03-04,230.07,Completed
1757,134,2025-06-16,1651.33,Cancelled
1758,505,2025-02-08,1289.7,Pending
1759,437,2024-01-19,708.81,Completed
1760,400,2025-02-11,477.45,Cancelled
1761,158,2025-12-02,413.79,Pending
1762,103,2024-06-28,1621.92,Completed
1763,564,2024-07-06,212.07,Pending
1764,435,2025-07-28,1244.06,Completed
1765,119,2024-09-04,210.99,Completed
1766,199,2024-12-16,1793.79,Completed
1767,140,2025-02-21,1234.17,Completed
1768,55,2024-04-14,2235.3,Completed
1769,595,2025-12-25,1999.25,Completed
1770,597,2024-06-18,2733.13,Pending
1771,615,2025-11-23,813.42,Pending
1772,149,2025-07-02,979.72,Completed
1773,513,2024-11-13,216.94,Cancelled
1774,302,2024-05-24,4122.21,Pending
1775,159,2025-02-11,925.42,Completed
1776,317,2025-07-29,950.82,Completed
1777,666,2024-09-06,787.0,Cancelled
1778,4,2024-12-18,1444.71,Pending
1779,625,2025-03-20,56.08,Completed
1780,605,2025-01-02,1436.9,Cancelled
1781,392,2025-08-09,1456.11,Pending
1782,437,2024-04-10,2269.08,Completed
1783,124,2024-09-14,2392.93,Completed
1784,279,2025-10-03,11.83,Completed
1785,230,2024-01-02,2246.02,Completed
1786,207,2024-03-17,1604.54,Completed
1787,68,2025-01-19,947.7,Cancelled
1788,83,2024-10-27,767.31,Cancelled
1789,56,2025-04-09,1567.39,Pending
1790,454,2025-10-19,901.12,Pending
1791,277,2024-01-18,2210.54,Pending
1792,744,2025-02-16,721.97,Pending
1793,95,2025-05-18,3151.58,Pending
1794,407,2025-06-20,868.83,Cancelled
1795,136,2024-11-17,939.8,Completed
1796,479,2025-07-11,2052.97,Completed
1797,1,2025-01-23,1113.17,Completed
1798,136,2025-04-23,920.04,Pending
1799,304,2024-11-10,261.29,Completed
1800,331,2024-02-18,1642.96,Completed
