order_item_id,order_id,product_id,quantity,unit_price
1,1,8,1,431.22
2,1,12,2,287.19
3,2,40,3,112.83
4,3,21,2,434.19
5,4,48,1,13.06
6,4,96,2,392.98
7,5,68,1,348.55
8,5,34,3,167.01
9,5,74,3,322.58
10,6,8,2,431.22
11,6,110,3,255.77
12,6,22,2,352.21
13,7,30,3,398.33
14,8,6,2,108.89
15,8,47,2,54.29
16,9,29,2,228.74
17,9,32,2,142.72
18,9,118,3,270.51
19,9,41,2,413.3
20,10,23,1,128.59
21,11,111,2,357.75
22,11,100,2,444.92
23,11,42,1,137.93
24,11,71,2,56.08
25,12,95,3,151.29
26,12,32,2,142.72
27,12,48,3,13.06
28,13,1,2,152.37
29,13,4,1,222.34
30,14,1,3,152.37
31,14,49,3,223.44
32,14,94,2,98.38
33,15,63,1,70.69
34,15,19,3,481.57
35,15,36,1,51.11
36,15,6,1,108.89
37,16,96,1,392.98
38,16,75,1,75.71
39,16,65,1,9.6
40,16,82,2,47.91
41,17,85,1,179.01
42,17,31,2,204.41
43,17,34,2,167.01
44,17,119,2,295.29
45,18,10,1,309.99
46,18,18,3,408.51
47,19,60,2,217.47
48,19,53,1,154.42
49,19,69,2,40.06
50,19,99,1,299.0
51,20,12,1,287.19
52,21,28,2,315.77
53,22,51,3,105.15
54,22,7,3,296.02
55,22,39,2,398.86
56,23,13,2,144.14
57,23,14,1,88.35
58,24,26,2,199.39
59,24,48,3,13.06
60,25,3,1,431.79
61,26,116,2,44.12
62,27,119,3,295.29
63,27,56,3,333.93
64,28,23,2,128.59
65,28,28,1,315.77
66,28,36,2,51.11
67,28,58,1,314.67
68,29,83,2,74.31
69,29,64,2,262.12
70,30,50,1,495.96
71,30,54,1,51.2
72,30,83,3,74.31
73,31,101,3,493.51
74,31,46,2,382.32
75,31,70,2,49.22
76,31,45,3,395.21
77,32,4,2,222.34
78,32,77,1,326.76
79,33,99,3,299.0
80,33,30,1,398.33
81,33,13,1,144.14
82,34,74,2,322.58
83,34,46,1,382.32
84,35,117,3,487.29
85,35,4,3,222.34
86,35,90,2,305.76
87,36,108,2,24.71
88,36,70,2,49.22
89,37,30,3,398.33
90,38,43,3,172.19
91,39,8,1,431.22
92,39,19,3,481.57
93,39,91,1,18.28
94,40,91,3,18.28
95,40,51,3,105.15
96,40,13,2,144.14
97,41,102,3,70.33
98,41,63,3,70.69
99,41,41,1,413.3
100,41,91,3,18.28
101,42,49,2,223.44
102,42,94,3,98.38
103,43,109,3,474.6
104,43,5,1,388.94
105,43,78,2,178.84
106,43,118,3,270.51
107,44,19,2,481.57
108,44,96,1,392.98
109,44,31,2,204.41
110,44,41,1,413.3
111,45,2,2,227.62
112,45,27,1,290.83
113,45,89,1,302.49
114,45,45,2,395.21
115,46,57,3,86.93
116,46,54,1,51.2
117,46,114,2,271.14
118,46,64,2,262.12
119,47,101,3,493.51
120,47,84,3,296.84
121,47,29,1,228.74
122,47,58,1,314.67
123,48,14,1,88.35
124,48,44,1,69.64
125,48,114,2,271.14
126,49,44,3,69.64
127,50,84,1,296.84
128,50,78,2,178.84
129,50,21,1,434.19
130,50,13,2,144.14
131,51,85,2,179.01
132,51,39,1,398.86
133,51,13,1,144.14
134,52,7,2,296.02
135,52,1,2,152.37
136,53,26,1,199.39
137,53,4,1,222.34
138,53,22,3,352.21
139,53,38,1,182.32
140,54,63,3,70.69
141,54,34,1,167.01
142,54,83,3,74.31
143,54,50,1,495.96
144,55,6,2,108.89
145,55,57,2,86.93
146,55,34,1,167.01
147,55,108,2,24.71
148,56,86,2,160.68
149,57,108,2,24.71
150,58,61,2,353.33
151,58,11,2,407.7
152,59,16,2,137.33
153,59,23,1,128.59
154,60,11,3,407.7
155,60,56,1,333.93
156,60,106,3,13.26
157,60,19,3,481.57
158,61,72,2,441.09
159,61,71,2,56.08
160,61,110,2,255.77
161,61,67,2,494.14
162,62,15,2,149.85
163,62,20,1,459.79
164,62,73,3,194.45
165,62,75,1,75.71
166,63,113,2,45.8
167,63,34,2,167.01
168,63,84,2,296.84
169,64,36,2,51.11
170,64,19,3,481.57
171,65,51,2,105.15
172,66,3,2,431.79
173,66,105,2,477.45
174,66,40,2,112.83
175,67,18,2,408.51
176,67,96,2,392.98
177,68,25,2,381.93
178,69,106,1,13.26
179,69,66,1,175.07
180,69,9,2,318.22
181,70,23,1,128.59
182,71,7,2,296.02
183,71,91,1,18.28
184,71,36,2,51.11
185,71,106,2,13.26
186,72,31,2,204.41
187,73,76,3,283.83
188,73,45,2,395.21
189,73,21,2,434.19
190,73,96,3,392.98
191,74,21,3,434.19
192,75,35,3,435.11
193,75,53,3,154.42
194,76,83,1,74.31
195,76,77,1,326.76
196,77,55,2,128.94
197,77,110,2,255.77
198,77,59,2,351.22
199,78,75,1,75.71
200,78,1,3,152.37
201,78,85,2,179.01
202,78,72,3,441.09
203,79,62,1,110.64
204,80,34,3,167.01
205,80,92,3,438.53
206,80,39,1,398.86
207,81,85,2,179.01
208,81,88,1,46.7
209,81,93,1,261.29
210,81,84,2,296.84
211,82,95,1,151.29
212,82,75,3,75.71
213,82,74,1,322.58
214,82,44,3,69.64
215,83,65,2,9.6
216,83,109,1,474.6
217,83,108,3,24.71
218,84,17,3,492.82
219,84,34,3,167.01
220,84,104,3,343.06
221,84,98,1,124.34
222,85,29,3,228.74
223,85,112,2,214.67
224,85,54,2,51.2
225,86,109,1,474.6
226,86,61,1,353.33
227,86,111,3,357.75
228,86,75,3,75.71
229,87,112,3,214.67
230,88,112,1,214.67
231,89,19,2,481.57
232,89,111,3,357.75
233,89,24,1,164.44
234,89,63,2,70.69
235,90,58,2,314.67
236,91,101,1,493.51
237,91,17,3,492.82
238,91,56,3,333.93
239,91,55,2,128.94
240,92,69,1,40.06
241,93,3,3,431.79
242,93,1,3,152.37
243,94,17,1,492.82
244,94,50,3,495.96
245,94,76,2,283.83
246,95,59,3,351.22
247,95,67,3,494.14
248,95,68,2,348.55
249,96,46,1,382.32
250,96,22,2,352.21
251,96,3,1,431.79
252,96,29,3,228.74
253,97,16,2,137.33
254,97,92,3,438.53
255,98,77,1,326.76
256,99,54,2,51.2
257,100,90,1,305.76
258,100,27,3,290.83
259,100,88,3,46.7
260,100,2,2,227.62
261,101,80,3,460.35
262,101,90,1,305.76
263,101,54,1,51.2
264,102,15,1,149.85
265,102,64,1,262.12
266,102,78,1,178.84
267,103,38,1,182.32
268,103,6,3,108.89
269,103,64,1,262.12
270,103,89,2,302.49
271,104,117,1,487.29
272,105,100,3,444.92
273,106,59,2,351.22
274,106,34,2,167.01
275,107,47,3,54.29
276,107,41,2,413.3
277,107,95,1,151.29
278,108,43,2,172.19
279,108,115,2,142.35
280,109,24,1,164.44
281,109,52,2,455.16
282,109,59,2,351.22
283,110,15,1,149.85
284,110,90,3,305.76
285,111,103,3,213.33
286,111,87,2,127.65
287,111,24,3,164.44
288,111,49,2,223.44
289,112,118,2,270.51
290,112,15,2,149.85
291,112,57,1,86.93
292,112,9,2,318.22
293,113,86,2,160.68
294,113,67,3,494.14
295,114,45,3,395.21
296,114,87,3,127.65
297,114,50,1,495.96
298,114,108,3,24.71
299,115,110,2,255.77
300,115,112,1,214.67
301,115,10,2,309.99
302,115,42,1,137.93
303,116,71,3,56.08
304,116,49,2,223.44
305,117,12,2,287.19
306,117,58,2,314.67
307,117,16,2,137.33
308,117,96,3,392.98
309,118,72,3,441.09
310,119,114,3,271.14
311,119,72,1,441.09
312,119,84,3,296.84
313,120,109,2,474.6
314,120,43,3,172.19
315,121,15,1,149.85
316,121,98,3,124.34
317,121,29,1,228.74
318,121,44,2,69.64
319,122,6,1,108.89
320,123,79,1,315.9
321,123,25,1,381.93
322,123,120,2,342.12
323,124,97,2,249.97
324,125,99,2,299.0
325,126,64,1,262.12
326,126,68,3,348.55
327,127,119,3,295.29
328,127,100,1,444.92
329,127,89,3,302.49
330,127,23,3,128.59
331,128,65,2,9.6
332,128,54,3,51.2
333,128,118,3,270.51
334,129,58,1,314.67
335,129,18,2,408.51
336,129,78,3,178.84
337,130,92,3,438.53
338,130,120,3,342.12
339,130,81,1,344.85
340,131,118,3,270.51
341,131,17,3,492.82
342,131,84,1,296.84
343,132,98,2,124.34
344,133,87,3,127.65
345,133,115,3,142.35
346,133,37,2,319.25
347,133,104,1,343.06
348,134,7,3,296.02
349,134,8,1,431.22
350,135,108,1,24.71
351,135,89,2,302.49
352,136,14,3,88.35
353,136,112,3,214.67
354,136,95,3,151.29
355,136,111,1,357.75
356,137,89,3,302.49
357,137,7,2,296.02
358,137,50,2,495.96
359,138,26,3,199.39
360,138,112,2,214.67
361,138,107,1,11.83
362,139,100,3,444.92
363,139,25,2,381.93
364,140,23,3,128.59
365,140,66,1,175.07
366,141,17,1,492.82
367,141,75,2,75.71
368,141,1,2,152.37
369,142,119,2,295.29
370,142,77,1,326.76
371,143,10,3,309.99
372,143,41,3,413.3
373,143,29,1,228.74
374,144,70,3,49.22
375,144,52,1,455.16
376,144,45,1,395.21
377,144,114,1,271.14
378,145,97,3,249.97
379,145,68,2,348.55
380,146,58,1,314.67
381,146,116,3,44.12
382,146,79,3,315.9
383,147,118,1,270.51
384,147,50,2,495.96
385,147,70,3,49.22
386,147,37,1,319.25
387,148,63,1,70.69
388,148,38,3,182.32
389,148,25,2,381.93
390,148,66,1,175.07
391,149,81,1,344.85
392,150,107,1,11.83
393,150,27,3,290.83
394,150,107,3,11.83
395,150,113,3,45.8
396,151,59,3,351.22
397,152,23,2,128.59
398,153,53,2,154.42
399,153,58,3,314.67
400,153,52,2,455.16
401,154,83,3,74.31
402,155,46,3,382.32
403,156,37,2,319.25
404,157,21,3,434.19
405,157,29,1,228.74
406,157,96,2,392.98
407,157,102,3,70.33
408,158,2,3,227.62
409,158,112,3,214.67
410,158,19,1,481.57
411,159,69,3,40.06
412,159,11,2,407.7
413,159,27,3,290.83
414,159,95,3,151.29
415,160,21,1,434.19
416,160,29,3,228.74
417,161,109,3,474.6
418,162,86,1,160.68
419,162,33,1,230.07
420,162,26,3,199.39
421,163,86,3,160.68
422,163,31,1,204.41
423,164,63,2,70.69
424,164,43,3,172.19
425,164,85,2,179.01
426,165,104,2,343.06
427,165,55,1,128.94
428,165,1,2,152.37
429,166,108,2,24.71
430,166,18,3,408.51
431,166,94,2,98.38
432,167,63,3,70.69
433,167,14,1,88.35
434,167,83,3,74.31
435,168,34,3,167.01
436,168,114,3,271.14
437,169,105,3,477.45
438,170,71,2,56.08
439,171,51,1,105.15
440,171,115,3,142.35
441,171,94,2,98.38
442,172,51,2,105.15
443,173,97,3,249.97
444,173,18,2,408.51
445,174,95,3,151.29
446,174,62,2,110.64
447,175,34,2,167.01
448,176,50,2,495.96
449,176,118,2,270.51
450,176,113,1,45.8
451,177,107,3,11.83
452,177,34,3,167.01
453,177,70,3,49.22
454,178,76,3,283.83
455,178,115,1,142.35
456,178,67,2,494.14
457,179,105,2,477.45
458,179,63,2,70.69
459,179,114,3,271.14
460,180,30,1,398.33
461,180,66,3,175.07
462,181,47,3,54.29
463,181,92,1,438.53
464,182,87,2,127.65
465,182,62,1,110.64
466,182,76,1,283.83
467,182,83,2,74.31
468,183,18,3,408.51
469,183,66,1,175.07
470,184,119,1,295.29
471,184,67,2,494.14
472,184,77,3,326.76
473,185,28,2,315.77
474,186,107,2,11.83
475,186,77,1,326.76
476,187,22,3,352.21
477,187,88,2,46.7
478,187,119,2,295.29
479,188,50,1,495.96
480,188,14,1,88.35
481,188,26,3,199.39
482,188,111,3,357.75
483,189,61,3,353.33
484,189,77,1,326.76
485,190,85,1,179.01
486,190,116,3,44.12
487,190,70,1,49.22
488,190,115,3,142.35
489,191,90,3,305.76
490,192,76,3,283.83
491,192,117,3,487.29
492,192,74,1,322.58
493,193,117,1,487.29
494,193,37,3,319.25
495,194,91,3,18.28
496,195,49,3,223.44
497,196,14,1,88.35
498,196,55,3,128.94
499,196,75,2,75.71
500,197,79,2,315.9
501,197,88,2,46.7
502,197,97,1,249.97
503,198,48,3,13.06
504,198,72,2,441.09
505,199,95,1,151.29
506,199,110,3,255.77
507,199,16,3,137.33
508,199,30,2,398.33
509,200,101,2,493.51
510,200,103,3,213.33
511,200,79,3,315.9
512,200,88,3,46.7
513,201,106,1,13.26
514,202,34,1,167.01
515,203,120,2,342.12
516,203,79,3,315.9
517,203,67,2,494.14
518,203,92,3,438.53
519,204,2,1,227.62
520,204,109,3,474.6
521,204,120,3,342.12
522,204,37,1,319.25
523,205,79,1,315.9
524,205,87,1,127.65
525,206,12,2,287.19
526,206,100,2,444.92
527,207,67,1,494.14
528,207,95,3,151.29
529,208,45,2,395.21
530,208,29,3,228.74
531,208,25,2,381.93
532,209,53,3,154.42
533,209,14,3,88.35
534,210,103,3,213.33
535,211,49,3,223.44
536,211,62,1,110.64
537,211,97,2,249.97
538,211,100,2,444.92
539,212,34,1,167.01
540,213,53,2,154.42
541,213,67,3,494.14
542,213,2,3,227.62
543,214,87,3,127.65
544,214,106,2,13.26
545,214,10,3,309.99
546,214,120,1,342.12
547,215,24,3,164.44
548,215,88,1,46.7
549,215,64,3,262.12
550,216,30,1,398.33
551,216,107,1,11.83
552,217,118,1,270.51
553,218,109,2,474.6
554,219,63,1,70.69
555,219,98,3,124.34
556,219,36,2,51.11
557,220,62,3,110.64
558,220,5,3,388.94
559,220,45,2,395.21
560,220,111,3,357.75
561,221,41,3,413.3
562,221,2,1,227.62
563,221,87,1,127.65
564,221,49,3,223.44
565,222,24,3,164.44
566,222,34,1,167.01
567,222,35,2,435.11
568,223,55,1,128.94
569,223,54,3,51.2
570,223,97,2,249.97
571,223,47,2,54.29
572,224,74,3,322.58
573,224,30,1,398.33
574,225,26,1,199.39
575,225,103,3,213.33
576,225,20,2,459.79
577,225,104,1,343.06
578,226,101,2,493.51
579,226,39,2,398.86
580,226,72,3,441.09
581,227,28,2,315.77
582,228,34,2,167.01
583,228,47,3,54.29
584,228,72,2,441.09
585,229,112,3,214.67
586,229,78,1,178.84
587,229,74,3,322.58
588,230,87,3,127.65
589,230,63,3,70.69
590,230,58,1,314.67
591,231,112,1,214.67
592,231,82,2,47.91
593,232,109,1,474.6
594,232,11,1,407.7
595,232,44,1,69.64
596,232,41,2,413.3
597,233,35,2,435.11
598,233,100,2,444.92
599,233,96,3,392.98
600,233,67,2,494.14
601,234,94,1,98.38
602,234,85,2,179.01
603,235,13,1,144.14
604,236,68,1,348.55
605,236,14,2,88.35
606,236,80,1,460.35
607,236,11,3,407.7
608,237,57,3,86.93
609,237,17,1,492.82
610,237,68,1,348.55
611,238,111,2,357.75
612,238,60,3,217.47
613,238,120,2,342.12
614,239,76,3,283.83
615,239,59,3,351.22
616,240,117,2,487.29
617,240,62,3,110.64
618,240,30,1,398.33
619,241,20,2,459.79
620,241,2,1,227.62
621,241,67,1,494.14
622,242,89,2,302.49
623,243,77,1,326.76
624,243,102,1,70.33
625,243,71,2,56.08
626,244,32,1,142.72
627,244,92,3,438.53
628,244,83,2,74.31
629,244,107,2,11.83
630,245,67,3,494.14
631,245,104,3,343.06
632,246,53,1,154.42
633,246,110,1,255.77
634,246,24,1,164.44
635,247,35,3,435.11
636,247,80,2,460.35
637,247,25,2,381.93
638,247,3,1,431.79
639,248,37,2,319.25
640,249,12,1,287.19
641,249,2,2,227.62
642,250,48,2,13.06
643,250,90,1,305.76
644,250,43,1,172.19
645,250,108,1,24.71
646,251,24,1,164.44
647,251,115,2,142.35
648,251,105,2,477.45
649,251,107,1,11.83
650,252,32,3,142.72
651,252,5,1,388.94
652,252,59,3,351.22
653,252,99,1,299.0
654,253,88,2,46.7
655,253,120,2,342.12
656,253,21,3,434.19
657,253,94,1,98.38
658,254,82,2,47.91
659,254,26,2,199.39
660,254,114,1,271.14
661,254,111,3,357.75
662,255,2,1,227.62
663,255,102,2,70.33
664,255,75,1,75.71
665,256,89,3,302.49
666,256,20,2,459.79
667,256,99,1,299.0
668,256,32,1,142.72
669,257,120,3,342.12
670,257,8,1,431.22
671,257,46,3,382.32
672,258,63,1,70.69
673,258,41,3,413.3
674,259,46,3,382.32
675,259,18,2,408.51
676,259,116,1,44.12
677,259,63,3,70.69
678,260,25,3,381.93
679,260,24,3,164.44
680,260,45,2,395.21
681,260,94,2,98.38
682,261,68,1,348.55
683,262,59,1,351.22
684,262,100,3,444.92
685,262,65,2,9.6
686,263,42,3,137.93
687,263,9,3,318.22
688,264,99,3,299.0
689,264,20,3,459.79
690,264,37,2,319.25
691,264,53,3,154.42
692,265,6,1,108.89
693,266,25,1,381.93
694,266,5,3,388.94
695,266,83,2,74.31
696,266,85,2,179.01
697,267,7,2,296.02
698,267,29,3,228.74
699,267,92,1,438.53
700,268,60,3,217.47
701,269,102,3,70.33
702,269,8,3,431.22
703,269,35,3,435.11
704,270,67,1,494.14
705,270,13,3,144.14
706,271,68,3,348.55
707,271,32,3,142.72
708,272,99,3,299.0
709,273,114,1,271.14
710,273,22,1,352.21
711,273,71,2,56.08
712,273,65,2,9.6
713,274,116,2,44.12
714,274,71,2,56.08
715,274,109,2,474.6
716,275,73,3,194.45
717,275,28,2,315.77
718,276,51,1,105.15
719,276,93,1,261.29
720,276,37,3,319.25
721,276,3,3,431.79
722,277,28,2,315.77
723,277,3,3,431.79
724,278,13,1,144.14
725,278,59,2,351.22
726,279,30,2,398.33
727,279,104,2,343.06
728,280,94,1,98.38
729,280,93,2,261.29
730,281,77,3,326.76
731,282,100,1,444.92
732,283,112,1,214.67
733,284,40,3,112.83
734,285,42,3,137.93
735,285,90,1,305.76
736,286,97,3,249.97
737,286,74,3,322.58
738,286,12,1,287.19
739,286,56,2,333.93
740,287,61,3,353.33
741,288,52,3,455.16
742,289,72,1,441.09
743,289,63,2,70.69
744,289,84,3,296.84
745,289,26,3,199.39
746,290,35,2,435.11
747,291,86,2,160.68
748,292,45,3,395.21
749,292,84,1,296.84
750,292,99,2,299.0
751,293,57,1,86.93
752,293,119,1,295.29
753,294,15,3,149.85
754,295,2,2,227.62
755,295,89,1,302.49
756,295,40,2,112.83
757,296,27,3,290.83
758,296,67,2,494.14
759,297,49,3,223.44
760,298,37,1,319.25
761,299,9,2,318.22
762,300,3,2,431.79
763,301,116,2,44.12
764,302,26,3,199.39
765,302,59,3,351.22
766,303,43,2,172.19
767,303,51,3,105.15
768,303,21,1,434.19
769,304,31,3,204.41
770,304,36,1,51.11
771,304,81,2,344.85
772,305,20,2,459.79
773,305,115,2,142.35
774,306,54,1,51.2
775,306,74,1,322.58
776,307,70,1,49.22
777,307,27,3,290.83
778,307,18,3,408.51
779,307,70,3,49.22
780,308,56,1,333.93
781,308,84,3,296.84
782,309,24,2,164.44
783,310,53,2,154.42
784,310,57,3,86.93
785,310,120,3,342.12
786,310,120,3,342.12
787,311,24,1,164.44
788,311,98,3,124.34
789,312,77,1,326.76
790,312,30,3,398.33
791,313,65,3,9.6
792,313,61,3,353.33
793,314,18,1,408.51
794,314,25,1,381.93
795,314,5,2,388.94
796,314,98,1,124.34
797,315,9,1,318.22
798,315,119,2,295.29
799,316,114,1,271.14
800,316,55,2,128.94
801,316,100,1,444.92
802,316,78,3,178.84
803,317,67,1,494.14
804,318,95,1,151.29
805,318,72,2,441.09
806,318,67,3,494.14
807,318,7,1,296.02
808,319,60,1,217.47
809,319,55,2,128.94
810,319,79,1,315.9
811,320,93,3,261.29
812,321,51,2,105.15
813,321,42,2,137.93
814,322,113,2,45.8
815,322,12,2,287.19
816,323,12,1,287.19
817,324,94,3,98.38
818,324,79,1,315.9
819,324,49,3,223.44
820,324,49,1,223.44
821,325,112,1,214.67
822,325,23,3,128.59
823,326,37,3,319.25
824,326,24,1,164.44
825,326,116,1,44.12
826,326,26,1,199.39
827,327,110,2,255.77
828,327,70,1,49.22
829,327,78,2,178.84
830,327,31,1,204.41
831,328,57,1,86.93
832,328,77,3,326.76
833,328,1,1,152.37
834,328,113,3,45.8
835,329,7,1,296.02
836,329,19,1,481.57
837,330,43,1,172.19
838,330,7,1,296.02
839,330,54,1,51.2
840,331,59,3,351.22
841,331,75,2,75.71
842,332,115,2,142.35
843,332,105,1,477.45
844,332,98,2,124.34
845,333,16,3,137.33
846,333,111,2,357.75
847,334,90,1,305.76
848,334,79,1,315.9
849,335,62,3,110.64
850,336,34,3,167.01
851,336,74,3,322.58
852,336,46,1,382.32
853,337,64,1,262.12
854,337,114,3,271.14
855,337,30,3,398.33
856,337,38,1,182.32
857,338,95,1,151.29
858,339,45,3,395.21
859,339,104,3,343.06
860,339,28,1,315.77
861,340,40,2,112.83
862,341,88,2,46.7
863,342,107,1,11.83
864,343,103,1,213.33
865,343,83,1,74.31
866,343,62,1,110.64
867,343,81,2,344.85
868,344,107,3,11.83
869,345,27,3,290.83
870,346,108,1,24.71
871,346,44,2,69.64
872,346,81,3,344.85
873,347,77,1,326.76
874,347,111,2,357.75
875,348,12,2,287.19
876,348,113,1,45.8
877,348,48,2,13.06
878,348,107,2,11.83
879,349,48,1,13.06
880,350,103,2,213.33
881,351,94,3,98.38
882,351,40,2,112.83
883,351,19,1,481.57
884,351,106,3,13.26
885,352,92,3,438.53
886,352,15,1,149.85
887,352,40,1,112.83
888,352,88,3,46.7
889,353,67,3,494.14
890,354,42,1,137.93
891,354,25,2,381.93
892,355,35,1,435.11
893,356,27,3,290.83
894,357,91,2,18.28
895,357,74,1,322.58
896,358,70,2,49.22
897,358,7,1,296.02
898,358,4,2,222.34
899,359,55,2,128.94
900,360,79,2,315.9
901,360,40,2,112.83
902,360,105,1,477.45
903,360,92,3,438.53
904,361,12,3,287.19
905,361,60,1,217.47
906,362,30,1,398.33
907,362,19,3,481.57
908,362,34,2,167.01
909,362,51,1,105.15
910,363,9,2,318.22
911,364,37,2,319.25
912,364,78,3,178.84
913,365,42,3,137.93
914,366,76,2,283.83
915,366,31,3,204.41
916,366,32,3,142.72
917,366,21,2,434.19
918,367,101,2,493.51
919,367,73,2,194.45
920,367,70,3,49.22
921,367,31,1,204.41
922,368,76,3,283.83
923,369,23,2,128.59
924,369,52,1,455.16
925,369,77,1,326.76
926,369,88,3,46.7
927,370,28,1,315.77
928,371,58,3,314.67
929,371,38,2,182.32
930,372,88,2,46.7
931,372,39,3,398.86
932,373,79,3,315.9
933,374,116,3,44.12
934,374,7,1,296.02
935,374,91,3,18.28
936,375,56,3,333.93
937,375,76,2,283.83
938,376,56,3,333.93
939,376,28,3,315.77
940,376,23,2,128.59
941,376,18,1,408.51
942,377,37,3,319.25
943,377,17,1,492.82
944,378,93,2,261.29
945,378,85,2,179.01
946,379,115,3,142.35
947,379,78,2,178.84
948,379,80,1,460.35
949,379,59,3,351.22
950,380,29,1,228.74
951,380,55,3,128.94
952,380,1,3,152.37
953,381,53,3,154.42
954,381,74,2,322.58
955,381,5,1,388.94
956,382,75,2,75.71
957,383,67,1,494.14
958,383,67,3,494.14
959,383,12,1,287.19
960,383,61,3,353.33
961,384,79,1,315.9
962,384,116,2,44.12
963,384,69,1,40.06
964,385,54,2,51.2
965,385,103,2,213.33
966,385,38,1,182.32
967,386,8,3,431.22
968,386,61,3,353.33
969,386,22,3,352.21
970,387,37,2,319.25
971,388,33,1,230.07
972,388,79,2,315.9
973,388,36,2,51.11
974,389,85,2,179.01
975,389,48,1,13.06
976,390,103,3,213.33
977,390,111,1,357.75
978,391,108,2,24.71
979,391,97,2,249.97
980,392,27,3,290.83
981,392,94,2,98.38
982,393,22,2,352.21
983,394,49,3,223.44
984,394,91,2,18.28
985,395,2,2,227.62
986,395,119,2,295.29
987,395,49,3,223.44
988,395,41,3,413.3
989,396,79,3,315.9
990,396,110,2,255.77
991,396,43,2,172.19
992,396,35,1,435.11
993,397,99,3,299.0
994,397,96,1,392.98
995,397,94,3,98.38
996,397,76,1,283.83
997,398,71,1,56.08
998,398,87,1,127.65
999,398,107,1,11.83
1000,399,88,2,46.7
1001,400,5,1,388.94
1002,400,80,1,460.35
1003,401,91,1,18.28
1004,402,115,1,142.35
1005,402,90,1,305.76
1006,403,119,2,295.29
1007,403,99,2,299.0
1008,403,89,3,302.49
1009,403,99,2,299.0
1010,404,49,2,223.44
1011,405,57,1,86.93
1012,405,63,1,70.69
1013,406,19,3,481.57
1014,407,92,2,438.53
1015,407,14,1,88.35
1016,407,10,1,309.99
1017,407,74,3,322.58
1018,408,84,3,296.84
1019,408,1,1,152.37
1020,409,74,1,322.58
1021,409,66,3,175.07
1022,409,99,2,299.0
1023,409,62,2,110.64
1024,410,1,2,152.37
1025,410,89,2,302.49
1026,411,88,2,46.7
1027,411,52,1,455.16
1028,411,81,3,344.85
1029,412,108,2,24.71
1030,413,50,3,495.96
1031,414,81,3,344.85
1032,415,18,1,408.51
1033,415,25,1,381.93
1034,416,102,3,70.33
1035,417,5,2,388.94
1036,418,28,3,315.77
1037,419,95,3,151.29
1038,419,30,1,398.33
1039,420,117,3,487.29
1040,420,6,1,108.89
1041,420,90,3,305.76
1042,420,17,1,492.82
1043,421,59,3,351.22
1044,422,64,3,262.12
1045,423,44,3,69.64
1046,423,87,2,127.65
1047,423,42,1,137.93
1048,423,88,3,46.7
1049,424,76,1,283.83
1050,425,97,2,249.97
1051,425,22,3,352.21
1052,426,119,3,295.29
1053,426,6,1,108.89
1054,427,3,2,431.79
1055,427,11,1,407.7
1056,428,54,3,51.2
1057,428,104,2,343.06
1058,428,89,1,302.49
1059,429,53,1,154.42
1060,429,23,3,128.59
1061,429,89,1,302.49
1062,429,77,1,326.76
1063,430,54,1,51.2
1064,430,72,1,441.09
1065,430,25,1,381.93
1066,431,60,3,217.47
1067,431,85,1,179.01
1068,432,88,2,46.7
1069,432,64,1,262.12
1070,433,37,1,319.25
1071,433,56,2,333.93
1072,433,43,3,172.19
1073,434,21,1,434.19
1074,434,63,3,70.69
1075,435,54,1,51.2
1076,435,96,3,392.98
1077,435,115,2,142.35
1078,436,31,3,204.41
1079,437,61,3,353.33
1080,438,119,3,295.29
1081,438,59,1,351.22
1082,439,81,2,344.85
1083,439,35,1,435.11
1084,440,36,1,51.11
1085,441,98,2,124.34
1086,441,29,2,228.74
1087,442,74,3,322.58
1088,442,110,1,255.77
1089,443,76,2,283.83
1090,443,108,2,24.71
1091,444,42,2,137.93
1092,444,75,1,75.71
1093,445,6,1,108.89
1094,445,61,3,353.33
1095,445,99,3,299.0
1096,445,5,2,388.94
1097,446,64,1,262.12
1098,446,11,3,407.7
1099,446,97,1,249.97
1100,446,89,3,302.49
1101,447,31,3,204.41
1102,447,12,1,287.19
1103,447,62,3,110.64
1104,448,59,2,351.22
1105,449,81,2,344.85
1106,449,91,3,18.28
1107,449,1,3,152.37
1108,450,38,2,182.32
1109,451,101,3,493.51
1110,451,11,3,407.7
1111,452,15,2,149.85
1112,453,47,1,54.29
1113,453,83,3,74.31
1114,453,91,1,18.28
1115,454,31,3,204.41
1116,454,15,3,149.85
1117,454,62,3,110.64
1118,455,46,2,382.32
1119,455,65,3,9.6
1120,455,55,2,128.94
1121,456,63,3,70.69
1122,456,68,1,348.55
1123,456,61,3,353.33
1124,456,69,3,40.06
1125,457,103,3,213.33
1126,457,89,1,302.49
1127,457,25,2,381.93
1128,458,10,1,309.99
1129,458,22,2,352.21
1130,458,15,3,149.85
1131,459,38,2,182.32
1132,460,57,3,86.93
1133,460,83,1,74.31
1134,460,38,1,182.32
1135,460,9,1,318.22
1136,461,75,2,75.71
1137,461,84,3,296.84
1138,461,101,2,493.51
1139,461,63,3,70.69
1140,462,73,1,194.45
1141,462,115,2,142.35
1142,462,22,2,352.21
1143,463,19,2,481.57
1144,464,92,3,438.53
1145,464,37,1,319.25
1146,465,31,1,204.41
1147,465,6,2,108.89
1148,466,24,1,164.44
1149,466,72,3,441.09
1150,466,5,3,388.94
1151,467,70,1,49.22
1152,467,69,2,40.06
1153,467,16,1,137.33
1154,467,52,2,455.16
1155,468,95,3,151.29
1156,469,115,2,142.35
1157,469,97,3,249.97
1158,469,86,1,160.68
1159,469,103,3,213.33
1160,470,116,1,44.12
1161,470,18,3,408.51
1162,470,71,1,56.08
1163,470,40,1,112.83
1164,471,12,2,287.19
1165,471,8,3,431.22
1166,471,83,1,74.31
1167,472,3,1,431.79
1168,472,69,2,40.06
1169,473,41,3,413.3
1170,473,78,3,178.84
1171,473,8,3,431.22
1172,473,47,2,54.29
1173,474,48,1,13.06
1174,474,37,2,319.25
1175,474,45,2,395.21
1176,474,58,3,314.67
1177,475,37,1,319.25
1178,475,104,3,343.06
1179,475,115,2,142.35
1180,475,94,2,98.38
1181,476,27,2,290.83
1182,476,61,3,353.33
1183,477,1,2,152.37
1184,478,91,3,18.28
1185,478,97,1,249.97
1186,478,26,1,199.39
1187,478,107,2,11.83
1188,479,107,3,11.83
1189,479,39,2,398.86
1190,479,72,3,441.09
1191,480,34,2,167.01
1192,480,82,3,47.91
1193,481,23,2,128.59
1194,481,117,3,487.29
1195,481,83,1,74.31
1196,481,4,1,222.34
1197,482,75,2,75.71
1198,482,73,2,194.45
1199,482,112,2,214.67
1200,483,109,2,474.6
1201,484,60,3,217.47
1202,484,18,2,408.51
1203,484,21,1,434.19
1204,485,38,2,182.32
1205,486,99,3,299.0
1206,486,24,1,164.44
1207,487,106,3,13.26
1208,487,103,2,213.33
1209,487,35,3,435.11
1210,488,106,1,13.26
1211,488,2,1,227.62
1212,488,67,2,494.14
1213,489,14,1,88.35
1214,489,20,3,459.79
1215,490,54,2,51.2
1216,491,45,2,395.21
1217,491,89,2,302.49
1218,491,18,2,408.51
1219,491,114,3,271.14
1220,492,96,1,392.98
1221,493,40,1,112.83
1222,493,27,1,290.83
1223,494,3,2,431.79
1224,495,102,3,70.33
1225,496,117,2,487.29
1226,497,101,1,493.51
1227,498,86,2,160.68
1228,498,4,1,222.34
1229,499,21,3,434.19
1230,499,100,3,444.92
1231,499,79,1,315.9
1232,500,68,1,348.55
1233,501,93,1,261.29
1234,502,90,3,305.76
1235,502,24,2,164.44
1236,502,87,1,127.65
1237,503,66,1,175.07
1238,503,53,1,154.42
1239,504,64,2,262.12
1240,504,91,2,18.28
1241,505,64,1,262.12
1242,505,50,2,495.96
1243,505,59,3,351.22
1244,506,38,2,182.32
1245,506,25,1,381.93
1246,506,115,2,142.35
1247,506,87,2,127.65
1248,507,51,2,105.15
1249,508,19,2,481.57
1250,509,9,2,318.22
1251,509,26,2,199.39
1252,510,108,2,24.71
1253,510,93,2,261.29
1254,511,97,3,249.97
1255,511,52,2,455.16
1256,511,61,3,353.33
1257,512,19,2,481.57
1258,512,14,1,88.35
1259,512,33,2,230.07
1260,513,13,3,144.14
1261,514,49,3,223.44
1262,514,87,2,127.65
1263,515,98,1,124.34
1264,516,85,2,179.01
1265,516,63,3,70.69
1266,516,34,3,167.01
1267,517,56,1,333.93
1268,518,59,1,351.22
1269,518,5,1,388.94
1270,518,72,3,441.09
1271,518,111,2,357.75
1272,519,92,2,438.53
1273,519,63,1,70.69
1274,519,73,3,194.45
1275,520,61,3,353.33
1276,520,110,1,255.77
1277,520,65,1,9.6
1278,520,51,2,105.15
1279,521,99,2,299.0
1280,521,42,1,137.93
1281,521,4,3,222.34
1282,522,98,3,124.34
1283,523,46,2,382.32
1284,523,45,1,395.21
1285,523,85,1,179.01
1286,524,117,3,487.29
1287,525,3,3,431.79
1288,525,42,1,137.93
1289,526,35,1,435.11
1290,526,90,2,305.76
1291,526,76,1,283.83
1292,526,41,2,413.3
1293,527,104,2,343.06
1294,528,64,3,262.12
1295,528,104,3,343.06
1296,528,44,1,69.64
1297,529,64,3,262.12
1298,529,109,1,474.6
1299,530,39,3,398.86
1300,531,76,2,283.83
1301,532,55,1,128.94
1302,532,45,1,395.21
1303,532,84,2,296.84
1304,532,65,2,9.6
1305,533,54,2,51.2
1306,533,33,3,230.07
1307,534,113,1,45.8
1308,534,81,3,344.85
1309,535,85,3,179.01
1310,535,60,2,217.47
1311,536,67,1,494.14
1312,537,96,3,392.98
1313,537,98,2,124.34
1314,538,109,2,474.6
1315,538,35,2,435.11
1316,539,52,1,455.16
1317,539,15,1,149.85
1318,540,63,3,70.69
1319,540,56,2,333.93
1320,540,83,1,74.31
1321,540,26,1,199.39
1322,541,85,3,179.01
1323,541,23,3,128.59
1324,541,110,1,255.77
1325,542,78,2,178.84
1326,542,111,1,357.75
1327,542,116,2,44.12
1328,543,108,3,24.71
1329,543,108,1,24.71
1330,543,31,1,204.41
1331,543,74,3,322.58
1332,544,64,1,262.12
1333,544,31,3,204.41
1334,544,16,2,137.33
1335,545,28,1,315.77
1336,545,14,1,88.35
1337,545,28,2,315.77
1338,545,57,2,86.93
1339,546,90,1,305.76
1340,546,41,3,413.3
1341,546,55,2,128.94
1342,547,92,2,438.53
1343,547,106,2,13.26
1344,547,3,3,431.79
1345,547,116,3,44.12
1346,548,71,2,56.08
1347,548,40,3,112.83
1348,548,90,2,305.76
1349,549,2,2,227.62
1350,549,119,2,295.29
1351,549,39,1,398.86
1352,549,120,1,342.12
1353,550,113,3,45.8
1354,550,53,1,154.42
1355,550,36,1,51.11
1356,551,113,1,45.8
1357,551,106,1,13.26
1358,551,90,2,305.76
1359,551,65,1,9.6
1360,552,59,3,351.22
1361,552,4,1,222.34
1362,552,83,3,74.31
1363,553,52,1,455.16
1364,554,21,1,434.19
1365,555,102,2,70.33
1366,555,58,2,314.67
1367,555,112,3,214.67
1368,555,18,2,408.51
1369,556,26,1,199.39
1370,556,54,2,51.2
1371,556,24,2,164.44
1372,557,119,3,295.29
1373,558,26,2,199.39
1374,558,90,1,305.76
1375,558,7,2,296.02
1376,558,80,2,460.35
1377,559,22,3,352.21
1378,559,16,1,137.33
1379,559,92,3,438.53
1380,560,29,3,228.74
1381,561,49,1,223.44
1382,561,56,1,333.93
1383,561,77,1,326.76
1384,561,106,2,13.26
1385,562,4,2,222.34
1386,562,34,1,167.01
1387,563,11,1,407.7
1388,563,61,1,353.33
1389,563,112,2,214.67
1390,563,89,2,302.49
1391,564,10,1,309.99
1392,564,72,1,441.09
1393,564,7,2,296.02
1394,565,1,2,152.37
1395,566,86,2,160.68
1396,566,17,3,492.82
1397,566,6,3,108.89
1398,566,23,2,128.59
1399,567,17,1,492.82
1400,567,41,3,413.3
1401,567,68,2,348.55
1402,567,19,2,481.57
1403,568,112,2,214.67
1404,568,96,2,392.98
1405,568,119,2,295.29
1406,568,37,2,319.25
1407,569,115,1,142.35
1408,569,41,3,413.3
1409,569,63,1,70.69
1410,569,72,3,441.09
1411,570,30,1,398.33
1412,571,56,1,333.93
1413,571,115,2,142.35
1414,571,6,2,108.89
1415,571,46,3,382.32
1416,572,109,3,474.6
1417,573,112,2,214.67
1418,573,24,1,164.44
1419,574,75,1,75.71
1420,574,68,3,348.55
1421,575,87,1,127.65
1422,575,114,2,271.14
1423,575,4,2,222.34
1424,575,88,3,46.7
1425,576,108,2,24.71
1426,577,59,3,351.22
1427,577,35,3,435.11
1428,577,85,1,179.01
1429,577,43,1,172.19
1430,578,28,1,315.77
1431,578,103,3,213.33
1432,579,12,2,287.19
1433,579,33,1,230.07
1434,579,31,2,204.41
1435,579,12,1,287.19
1436,580,83,3,74.31
1437,580,20,1,459.79
1438,580,39,2,398.86
1439,581,46,3,382.32
1440,581,13,2,144.14
1441,582,61,2,353.33
1442,582,73,3,194.45
1443,582,55,1,128.94
1444,582,97,2,249.97
1445,583,12,1,287.19
1446,583,66,2,175.07
1447,583,60,3,217.47
1448,583,29,3,228.74
1449,584,38,2,182.32
1450,585,17,3,492.82
1451,585,116,2,44.12
1452,586,71,1,56.08
1453,587,53,1,154.42
1454,587,60,3,217.47
1455,587,93,3,261.29
1456,587,105,2,477.45
1457,588,15,3,149.85
1458,589,11,2,407.7
1459,590,80,2,460.35
1460,590,44,1,69.64
1461,590,28,1,315.77
1462,590,11,3,407.7
1463,591,69,1,40.06
1464,591,1,2,152.37
1465,591,15,1,149.85
1466,591,22,3,352.21
1467,592,39,3,398.86
1468,592,105,3,477.45
1469,592,47,3,54.29
1470,592,87,3,127.65
1471,593,2,1,227.62
1472,593,15,1,149.85
1473,594,84,1,296.84
1474,594,56,3,333.93
1475,595,19,2,481.57
1476,595,55,1,128.94
1477,595,15,1,149.85
1478,595,116,1,44.12
1479,596,75,1,75.71
1480,596,26,2,199.39
1481,596,73,2,194.45
1482,596,7,2,296.02
1483,597,109,2,474.6
1484,597,95,3,151.29
1485,597,77,3,326.76
1486,597,71,2,56.08
1487,598,30,3,398.33
1488,598,8,3,431.22
1489,598,3,2,431.79
1490,598,74,2,322.58
1491,599,15,2,149.85
1492,599,80,3,460.35
1493,599,45,2,395.21
1494,599,90,2,305.76
1495,600,45,2,395.21
1496,600,30,3,398.33
1497,600,29,3,228.74
1498,600,117,3,487.29
1499,601,114,2,271.14
1500,601,93,3,261.29
1501,602,103,1,213.33
1502,602,80,1,460.35
1503,602,37,3,319.25
1504,602,96,1,392.98
1505,603,78,2,178.84
1506,603,13,2,144.14
1507,604,3,2,431.79
1508,605,106,3,13.26
1509,605,5,1,388.94
1510,606,16,3,137.33
1511,606,29,2,228.74
1512,607,115,1,142.35
1513,607,110,3,255.77
1514,607,112,3,214.67
1515,608,103,2,213.33
1516,608,108,1,24.71
1517,608,14,3,88.35
1518,608,79,1,315.9
1519,609,81,1,344.85
1520,609,112,1,214.67
1521,610,94,1,98.38
1522,610,20,3,459.79
1523,610,47,2,54.29
1524,610,105,1,477.45
1525,611,32,2,142.72
1526,612,35,2,435.11
1527,613,97,3,249.97
1528,613,54,1,51.2
1529,614,110,3,255.77
1530,614,102,3,70.33
1531,614,47,1,54.29
1532,614,57,1,86.93
1533,615,44,2,69.64
1534,616,98,1,124.34
1535,616,85,3,179.01
1536,616,20,3,459.79
1537,616,8,3,431.22
1538,617,93,3,261.29
1539,617,41,2,413.3
1540,617,2,2,227.62
1541,618,83,1,74.31
1542,618,114,3,271.14
1543,618,80,3,460.35
1544,618,84,2,296.84
1545,619,11,1,407.7
1546,619,69,2,40.06
1547,619,50,3,495.96
1548,620,12,3,287.19
1549,620,71,2,56.08
1550,621,4,3,222.34
1551,622,65,1,9.6
1552,622,94,1,98.38
1553,622,108,2,24.71
1554,622,34,3,167.01
1555,623,58,2,314.67
1556,624,104,3,343.06
1557,624,75,3,75.71
1558,625,37,3,319.25
1559,625,101,3,493.51
1560,625,74,3,322.58
1561,626,14,2,88.35
1562,626,67,3,494.14
1563,627,92,2,438.53
1564,627,107,2,11.83
1565,628,61,1,353.33
1566,628,58,1,314.67
1567,629,112,2,214.67
1568,629,75,2,75.71
1569,629,82,2,47.91
1570,629,57,3,86.93
1571,630,65,1,9.6
1572,630,63,3,70.69
1573,631,89,1,302.49
1574,632,118,1,270.51
1575,632,78,2,178.84
1576,632,15,1,149.85
1577,633,16,2,137.33
1578,633,40,2,112.83
1579,634,19,3,481.57
1580,634,54,1,51.2
1581,635,1,1,152.37
1582,635,71,2,56.08
1583,635,9,1,318.22
1584,635,54,2,51.2
1585,636,101,2,493.51
1586,636,61,3,353.33
1587,636,107,3,11.83
1588,637,86,2,160.68
1589,637,20,3,459.79
1590,637,42,1,137.93
1591,637,103,3,213.33
1592,638,44,3,69.64
1593,638,6,3,108.89
1594,638,114,2,271.14
1595,638,95,2,151.29
1596,639,72,3,441.09
1597,639,16,3,137.33
1598,639,72,1,441.09
1599,640,73,3,194.45
1600,641,85,3,179.01
1601,642,107,3,11.83
1602,642,108,3,24.71
1603,643,52,3,455.16
1604,643,6,2,108.89
1605,643,111,1,357.75
1606,644,111,3,357.75
1607,645,13,3,144.14
1608,646,99,1,299.0
1609,646,20,2,459.79
1610,646,53,3,154.42
1611,647,4,3,222.34
1612,647,8,2,431.22
1613,648,115,2,142.35
1614,648,34,2,167.01
1615,648,106,1,13.26
1616,648,7,1,296.02
1617,649,66,3,175.07
1618,649,50,1,495.96
1619,649,35,1,435.11
1620,649,41,2,413.3
1621,650,53,3,154.42
1622,651,32,3,142.72
1623,652,11,3,407.7
1624,652,65,1,9.6
1625,652,101,1,493.51
1626,652,48,3,13.06
1627,653,6,1,108.89
1628,653,105,2,477.45
1629,653,107,3,11.83
1630,653,38,3,182.32
1631,654,77,2,326.76
1632,654,108,3,24.71
1633,654,49,2,223.44
1634,655,21,3,434.19
1635,656,51,3,105.15
1636,657,27,3,290.83
1637,657,65,2,9.6
1638,657,114,3,271.14
1639,657,44,3,69.64
1640,658,85,2,179.01
1641,658,44,1,69.64
1642,659,83,1,74.31
1643,659,78,2,178.84
1644,660,72,3,441.09
1645,660,91,2,18.28
1646,660,98,2,124.34
1647,660,69,1,40.06
1648,661,46,2,382.32
1649,662,16,2,137.33
1650,663,96,1,392.98
1651,663,98,2,124.34
1652,664,104,3,343.06
1653,664,29,1,228.74
1654,664,64,2,262.12
1655,665,1,1,152.37
1656,665,106,3,13.26
1657,666,22,3,352.21
1658,666,25,3,381.93
1659,666,95,3,151.29
1660,666,87,3,127.65
1661,667,96,1,392.98
1662,667,17,2,492.82
1663,668,109,3,474.6
1664,668,3,3,431.79
1665,669,1,2,152.37
1666,669,83,3,74.31
1667,669,84,1,296.84
1668,669,110,2,255.77
1669,670,64,2,262.12
1670,670,67,1,494.14
1671,670,114,3,271.14
1672,670,29,1,228.74
1673,671,1,2,152.37
1674,671,25,2,381.93
1675,671,11,3,407.7
1676,672,118,1,270.51
1677,673,81,3,344.85
1678,674,76,3,283.83
1679,675,31,2,204.41
1680,675,107,1,11.83
1681,675,106,2,13.26
1682,675,67,1,494.14
1683,676,81,2,344.85
1684,677,49,2,223.44
1685,678,39,3,398.86
1686,679,38,2,182.32
1687,680,111,3,357.75
1688,680,101,3,493.51
1689,681,102,2,70.33
1690,681,113,3,45.8
1691,681,80,1,460.35
1692,681,44,3,69.64
1693,682,14,1,88.35
1694,682,2,3,227.62
1695,683,82,3,47.91
1696,683,33,2,230.07
1697,684,32,1,142.72
1698,684,103,1,213.33
1699,685,66,3,175.07
1700,685,97,2,249.97
1701,685,40,3,112.83
1702,685,114,3,271.14
1703,686,38,2,182.32
1704,686,2,3,227.62
1705,686,76,3,283.83
1706,687,55,2,128.94
1707,688,44,1,69.64
1708,689,110,3,255.77
1709,689,73,2,194.45
1710,689,79,2,315.9
1711,690,113,1,45.8
1712,690,64,1,262.12
1713,690,118,1,270.51
1714,690,82,1,47.91
1715,691,62,3,110.64
1716,691,99,2,299.0
1717,692,47,1,54.29
1718,693,19,2,481.57
1719,694,6,1,108.89
1720,694,26,1,199.39
1721,694,37,1,319.25
1722,695,23,1,128.59
1723,695,3,1,431.79
1724,696,84,1,296.84
1725,696,44,1,69.64
1726,696,40,2,112.83
1727,696,31,2,204.41
1728,697,113,3,45.8
1729,697,9,1,318.22
1730,697,19,1,481.57
1731,697,102,1,70.33
1732,698,77,2,326.76
1733,698,82,1,47.91
1734,698,118,1,270.51
1735,699,102,1,70.33
1736,699,42,1,137.93
1737,699,7,3,296.02
1738,700,27,3,290.83
1739,700,11,2,407.7
1740,700,102,3,70.33
1741,700,79,1,315.9
1742,701,64,3,262.12
1743,701,60,1,217.47
1744,701,42,3,137.93
1745,702,61,2,353.33
1746,702,75,2,75.71
1747,702,82,3,47.91
1748,702,84,1,296.84
1749,703,51,1,105.15
1750,703,40,2,112.83
1751,704,71,1,56.08
1752,704,18,1,408.51
1753,704,38,2,182.32
1754,705,60,3,217.47
1755,706,56,2,333.93
1756,706,48,2,13.06
1757,706,41,2,413.3
1758,706,49,1,223.44
1759,707,46,1,382.32
1760,708,101,2,493.51
1761,709,5,3,388.94
1762,709,26,2,199.39
1763,709,26,3,199.39
1764,710,91,3,18.28
1765,710,18,3,408.51
1766,711,106,2,13.26
1767,711,101,2,493.51
1768,711,52,3,455.16
1769,712,111,2,357.75
1770,712,30,1,398.33
1771,713,93,2,261.29
1772,713,44,1,69.64
1773,713,41,1,413.3
1774,713,55,3,128.94
1775,714,48,1,13.06
1776,715,104,3,343.06
1777,715,107,2,11.83
1778,715,44,1,69.64
1779,715,54,2,51.2
1780,716,76,1,283.83
1781,716,73,1,194.45
1782,716,119,1,295.29
1783,717,49,1,223.44
1784,717,51,1,105.15
1785,717,69,2,40.06
1786,717,25,2,381.93
1787,718,12,1,287.19
1788,718,14,3,88.35
1789,718,71,1,56.08
1790,719,24,1,164.44
1791,720,38,3,182.32
1792,720,68,1,348.55
1793,721,22,2,352.21
1794,722,69,2,40.06
1795,722,62,3,110.64
1796,723,40,2,112.83
1797,723,105,3,477.45
1798,724,76,1,283.83
1799,724,65,3,9.6
1800,724,88,2,46.7
1801,725,9,2,318.22
1802,725,78,1,178.84
1803,725,68,2,348.55
1804,725,117,3,487.29
1805,726,95,1,151.29
1806,727,51,3,105.15
1807,727,106,1,13.26
1808,727,54,1,51.2
1809,728,117,3,487.29
1810,728,24,3,164.44
1811,728,73,1,194.45
1812,728,51,3,105.15
1813,729,86,1,160.68
1814,729,90,3,305.76
1815,729,93,1,261.29
1816,730,10,1,309.99
1817,730,65,2,9.6
1818,730,53,2,154.42
1819,731,60,1,217.47
1820,732,44,3,69.64
1821,732,52,1,455.16
1822,732,51,1,105.15
1823,732,2,2,227.62
1824,733,63,2,70.69
1825,733,9,1,318.22
1826,733,71,3,56.08
1827,733,32,3,142.72
1828,734,22,1,352.21
1829,734,78,1,178.84
1830,735,22,1,352.21
1831,735,86,1,160.68
1832,735,87,2,127.65
1833,735,20,2,459.79
1834,736,57,3,86.93
1835,736,7,3,296.02
1836,737,89,2,302.49
1837,737,57,1,86.93
1838,737,77,1,326.76
1839,737,7,2,296.02
1840,738,12,1,287.19
1841,738,54,1,51.2
1842,739,113,1,45.8
1843,739,103,3,213.33
1844,740,66,1,175.07
1845,740,105,2,477.45
1846,740,42,3,137.93
1847,740,81,1,344.85
1848,741,16,1,137.33
1849,741,28,1,315.77
1850,741,46,2,382.32
1851,741,23,1,128.59
1852,742,28,2,315.77
1853,742,29,1,228.74
1854,742,85,2,179.01
1855,742,84,3,296.84
1856,743,39,3,398.86
1857,743,64,1,262.12
1858,743,92,3,438.53
1859,743,102,3,70.33
1860,744,81,3,344.85
1861,744,50,3,495.96
1862,744,119,3,295.29
1863,745,9,2,318.22
1864,745,3,3,431.79
1865,745,117,3,487.29
1866,745,58,2,314.67
1867,746,30,1,398.33
1868,747,97,1,249.97
1869,747,80,1,460.35
1870,747,8,1,431.22
1871,747,48,2,13.06
1872,748,83,1,74.31
1873,748,31,3,204.41
1874,749,41,3,413.3
1875,749,101,1,493.51
1876,749,67,2,494.14
1877,750,32,1,142.72
1878,750,70,1,49.22
1879,750,117,3,487.29
1880,751,67,2,494.14
1881,751,24,2,164.44
1882,751,81,1,344.85
1883,751,9,2,318.22
1884,752,17,1,492.82
1885,752,23,3,128.59
1886,753,55,3,128.94
1887,754,55,1,128.94
1888,754,78,1,178.84
1889,755,35,2,435.11
1890,755,11,2,407.7
1891,756,55,3,128.94
1892,756,79,3,315.9
1893,756,56,1,333.93
1894,756,105,2,477.45
1895,757,77,3,326.76
1896,757,20,3,459.79
1897,757,94,1,98.38
1898,758,37,2,319.25
1899,758,72,3,441.09
1900,758,62,1,110.64
1901,758,43,1,172.19
1902,759,2,3,227.62
1903,760,96,2,392.98
1904,760,50,2,495.96
1905,760,40,3,112.83
1906,760,76,1,283.83
1907,761,25,2,381.93
1908,761,33,3,230.07
1909,762,90,1,305.76
1910,762,84,2,296.84
1911,762,119,2,295.29
1912,763,81,3,344.85
1913,763,87,1,127.65
1914,763,90,3,305.76
1915,764,33,1,230.07
1916,764,78,3,178.84
1917,765,51,3,105.15
1918,765,76,1,283.83
1919,765,67,1,494.14
1920,765,113,2,45.8
1921,766,76,2,283.83
1922,766,94,2,98.38
1923,766,97,3,249.97
1924,766,112,1,214.67
1925,767,35,3,435.11
1926,767,27,3,290.83
1927,768,105,2,477.45
1928,768,1,1,152.37
1929,769,84,2,296.84
1930,769,94,2,98.38
1931,769,22,1,352.21
1932,769,48,1,13.06
1933,770,58,3,314.67
1934,771,104,1,343.06
1935,771,34,2,167.01
1936,772,11,2,407.7
1937,772,11,2,407.7
1938,773,75,1,75.71
1939,774,8,2,431.22
1940,775,28,3,315.77
1941,776,120,2,342.12
1942,776,61,2,353.33
1943,776,78,2,178.84
1944,777,105,1,477.45
1945,777,47,3,54.29
1946,777,52,2,455.16
1947,778,1,2,152.37
1948,779,112,3,214.67
1949,780,80,3,460.35
1950,780,85,2,179.01
1951,780,66,2,175.07
1952,780,85,1,179.01
1953,781,112,1,214.67
1954,781,104,3,343.06
1955,781,42,3,137.93
1956,782,95,3,151.29
1957,782,102,1,70.33
1958,782,45,2,395.21
1959,782,120,2,342.12
1960,783,92,1,438.53
1961,783,112,3,214.67
1962,784,64,1,262.12
1963,784,39,3,398.86
1964,785,62,3,110.64
1965,786,97,3,249.97
1966,786,90,1,305.76
1967,787,116,2,44.12
1968,787,99,2,299.0
1969,787,29,3,228.74
1970,788,119,3,295.29
1971,788,82,3,47.91
1972,789,120,3,342.12
1973,789,99,3,299.0
1974,790,84,3,296.84
1975,790,101,3,493.51
1976,790,110,2,255.77
1977,790,104,1,343.06
1978,791,15,1,149.85
1979,792,17,2,492.82
1980,792,49,3,223.44
1981,792,95,1,151.29
1982,793,109,2,474.6
1983,793,55,2,128.94
1984,794,14,2,88.35
1985,794,2,3,227.62
1986,795,64,3,262.12
1987,795,59,1,351.22
1988,796,40,3,112.83
1989,796,89,1,302.49
1990,796,36,3,51.11
1991,797,38,3,182.32
1992,797,49,1,223.44
1993,797,104,2,343.06
1994,797,20,3,459.79
1995,798,110,2,255.77
1996,798,94,2,98.38
1997,799,44,2,69.64
1998,799,87,2,127.65
1999,799,45,2,395.21
2000,799,51,1,105.15
2001,800,90,3,305.76
2002,800,51,1,105.15
2003,801,59,3,351.22
2004,801,21,3,434.19
2005,801,18,2,408.51
2006,802,103,3,213.33
2007,802,26,3,199.39
2008,803,49,2,223.44
2009,803,87,1,127.65
2010,804,7,1,296.02
2011,804,66,3,175.07
2012,805,32,1,142.72
2013,805,16,1,137.33
2014,805,51,2,105.15
2015,805,39,3,398.86
2016,806,100,2,444.92
2017,807,2,1,227.62
2018,807,15,1,149.85
2019,807,16,2,137.33
2020,808,36,3,51.11
2021,808,96,1,392.98
2022,808,102,3,70.33
2023,808,24,2,164.44
2024,809,74,1,322.58
2025,809,13,2,144.14
2026,809,9,3,318.22
2027,810,72,3,441.09
2028,810,101,3,493.51
2029,810,63,1,70.69
2030,810,67,3,494.14
2031,811,85,1,179.01
2032,811,24,3,164.44
2033,812,16,1,137.33
2034,812,17,3,492.82
2035,812,27,3,290.83
2036,813,11,1,407.7
2037,814,55,3,128.94
2038,814,1,1,152.37
2039,815,18,3,408.51
2040,815,63,3,70.69
2041,815,41,3,413.3
2042,815,117,2,487.29
2043,816,85,1,179.01
2044,817,110,1,255.77
2045,817,18,3,408.51
2046,817,71,1,56.08
2047,818,10,3,309.99
2048,818,33,2,230.07
2049,818,49,3,223.44
2050,818,116,1,44.12
2051,819,89,1,302.49
2052,819,69,1,40.06
2053,819,10,3,309.99
2054,819,94,2,98.38
2055,820,54,1,51.2
2056,820,41,2,413.3
2057,821,35,1,435.11
2058,822,9,2,318.22
2059,822,82,1,47.91
2060,822,47,2,54.29
2061,822,100,2,444.92
2062,823,49,1,223.44
2063,824,76,2,283.83
2064,824,13,3,144.14
2065,824,45,3,395.21
2066,825,115,1,142.35
2067,826,104,3,343.06
2068,826,87,3,127.65
2069,826,71,3,56.08
2070,827,2,3,227.62
2071,827,66,3,175.07
2072,827,20,3,459.79
2073,828,7,3,296.02
2074,828,82,2,47.91
2075,828,91,1,18.28
2076,829,57,2,86.93
2077,829,103,2,213.33
2078,830,40,3,112.83
2079,830,110,1,255.77
2080,831,10,3,309.99
2081,832,11,3,407.7
2082,833,87,3,127.65
2083,833,120,3,342.12
2084,833,18,2,408.51
2085,833,64,3,262.12
2086,834,79,1,315.9
2087,835,32,3,142.72
2088,835,85,3,179.01
2089,835,88,3,46.7
2090,836,23,1,128.59
2091,836,47,1,54.29
2092,837,49,1,223.44
2093,837,48,1,13.06
2094,837,44,3,69.64
2095,837,32,3,142.72
2096,838,34,1,167.01
2097,838,1,3,152.37
2098,838,81,3,344.85
2099,839,120,2,342.12
2100,840,79,2,315.9
2101,841,45,3,395.21
2102,842,56,2,333.93
2103,843,53,1,154.42
2104,843,117,2,487.29
2105,844,61,2,353.33
2106,844,48,2,13.06
2107,845,14,2,88.35
2108,845,85,2,179.01
2109,845,21,1,434.19
2110,846,15,1,149.85
2111,846,37,1,319.25
2112,847,21,3,434.19
2113,848,54,2,51.2
2114,849,97,2,249.97
2115,849,65,3,9.6
2116,849,119,3,295.29
2117,850,17,1,492.82
2118,851,87,2,127.65
2119,852,38,2,182.32
2120,852,63,1,70.69
2121,852,98,2,124.34
2122,852,32,3,142.72
2123,853,36,1,51.11
2124,853,111,2,357.75
2125,854,91,1,18.28
2126,854,90,3,305.76
2127,854,65,3,9.6
2128,854,24,1,164.44
2129,855,16,1,137.33
2130,855,52,1,455.16
2131,856,79,1,315.9
2132,857,90,3,305.76
2133,857,30,1,398.33
2134,857,44,2,69.64
2135,858,39,1,398.86
2136,859,32,2,142.72
2137,859,115,1,142.35
2138,859,24,1,164.44
2139,859,1,1,152.37
2140,860,117,3,487.29
2141,860,13,2,144.14
2142,860,24,2,164.44
2143,861,13,3,144.14
2144,862,47,3,54.29
2145,862,104,2,343.06
2146,862,96,3,392.98
2147,863,27,3,290.83
2148,863,50,1,495.96
2149,863,114,1,271.14
2150,864,76,3,283.83
2151,865,10,3,309.99
2152,866,69,3,40.06
2153,866,20,1,459.79
2154,867,115,3,142.35
2155,867,45,2,395.21
2156,867,58,3,314.67
2157,868,68,3,348.55
2158,868,102,1,70.33
2159,868,22,3,352.21
2160,868,36,3,51.11
2161,869,102,3,70.33
2162,870,22,2,352.21
2163,871,78,2,178.84
2164,871,27,1,290.83
2165,871,1,1,152.37
2166,871,74,1,322.58
2167,872,65,3,9.6
2168,872,93,3,261.29
2169,872,34,2,167.01
2170,872,110,1,255.77
2171,873,22,1,352.21
2172,874,82,1,47.91
2173,875,106,1,13.26
2174,875,69,1,40.06
2175,876,42,1,137.93
2176,876,91,3,18.28
2177,876,34,3,167.01
2178,877,8,3,431.22
2179,877,105,1,477.45
2180,877,106,2,13.26
2181,878,3,3,431.79
2182,878,85,3,179.01
2183,878,14,3,88.35
2184,879,105,2,477.45
2185,879,29,2,228.74
2186,880,58,1,314.67
2187,880,94,3,98.38
2188,881,64,1,262.12
2189,882,94,1,98.38
2190,882,83,2,74.31
2191,882,3,2,431.79
2192,882,21,1,434.19
2193,883,19,1,481.57
2194,884,93,3,261.29
2195,885,49,2,223.44
2196,886,32,1,142.72
2197,886,35,1,435.11
2198,887,110,3,255.77
2199,887,11,1,407.7
2200,887,18,2,408.51
2201,888,62,1,110.64
2202,888,32,1,142.72
2203,888,70,3,49.22
2204,889,106,1,13.26
2205,890,19,1,481.57
2206,890,117,1,487.29
2207,890,4,1,222.34
2208,890,55,2,128.94
2209,891,118,3,270.51
2210,891,50,3,495.96
2211,892,14,2,88.35
2212,892,46,1,382.32
2213,893,115,1,142.35
2214,894,77,1,326.76
2215,894,87,2,127.65
2216,894,20,3,459.79
2217,895,35,2,435.11
2218,896,111,1,357.75
2219,897,93,2,261.29
2220,897,105,1,477.45
2221,897,15,3,149.85
2222,897,55,3,128.94
2223,898,24,2,164.44
2224,898,46,2,382.32
2225,899,18,3,408.51
2226,899,118,1,270.51
2227,899,50,2,495.96
2228,900,69,3,40.06
2229,900,106,1,13.26
2230,900,50,1,495.96
2231,900,75,3,75.71
2232,901,31,2,204.41
2233,902,18,1,408.51
2234,902,8,2,431.22
2235,902,47,1,54.29
2236,902,38,2,182.32
2237,903,106,1,13.26
2238,903,8,3,431.22
2239,904,94,1,98.38
2240,904,90,2,305.76
2241,904,48,1,13.06
2242,904,90,1,305.76
2243,905,4,1,222.34
2244,905,47,1,54.29
2245,906,20,1,459.79
2246,906,61,3,353.33
2247,906,18,3,408.51
2248,906,68,3,348.55
2249,907,101,3,493.51
2250,907,89,1,302.49
2251,907,37,1,319.25
2252,907,20,1,459.79
2253,908,2,2,227.62
2254,908,107,2,11.83
2255,909,91,1,18.28
2256,909,55,1,128.94
2257,909,35,1,435.11
2258,910,80,1,460.35
2259,910,29,2,228.74
2260,910,24,3,164.44
2261,910,72,3,441.09
2262,911,84,3,296.84
2263,911,52,2,455.16
2264,911,22,1,352.21
2265,912,14,1,88.35
2266,912,10,2,309.99
2267,912,78,2,178.84
2268,913,9,1,318.22
2269,914,82,1,47.91
2270,914,31,2,204.41
2271,915,6,1,108.89
2272,915,41,1,413.3
2273,915,40,1,112.83
2274,915,46,2,382.32
2275,916,93,2,261.29
2276,916,17,3,492.82
2277,916,87,1,127.65
2278,916,43,2,172.19
2279,917,76,2,283.83
2280,918,20,3,459.79
2281,918,60,1,217.47
2282,919,99,3,299.0
2283,919,21,3,434.19
2284,920,58,1,314.67
2285,920,44,2,69.64
2286,920,47,3,54.29
2287,921,27,3,290.83
2288,921,78,1,178.84
2289,922,104,1,343.06
2290,923,13,2,144.14
2291,923,41,1,413.3
2292,923,120,2,342.12
2293,923,21,1,434.19
2294,924,10,1,309.99
2295,925,84,1,296.84
2296,925,16,3,137.33
2297,925,63,1,70.69
2298,925,47,2,54.29
2299,926,47,3,54.29
2300,926,109,3,474.6
2301,926,41,2,413.3
2302,926,11,3,407.7
2303,927,80,3,460.35
2304,928,20,1,459.79
2305,929,110,1,255.77
2306,929,29,2,228.74
2307,929,112,2,214.67
2308,929,86,1,160.68
2309,930,14,1,88.35
2310,930,24,3,164.44
2311,930,14,2,88.35
2312,930,99,2,299.0
2313,931,44,3,69.64
2314,931,63,1,70.69
2315,931,90,3,305.76
2316,932,70,1,49.22
2317,933,73,1,194.45
2318,933,77,2,326.76
2319,933,8,2,431.22
2320,934,112,1,214.67
2321,934,98,3,124.34
2322,935,19,1,481.57
2323,936,112,2,214.67
2324,936,68,1,348.55
2325,936,86,2,160.68
2326,936,24,1,164.44
2327,937,26,2,199.39
2328,937,54,2,51.2
2329,938,46,3,382.32
2330,938,74,2,322.58
2331,938,106,1,13.26
2332,938,72,3,441.09
2333,939,42,3,137.93
2334,939,106,3,13.26
2335,940,64,2,262.12
2336,940,15,3,149.85
2337,941,107,1,11.83
2338,941,82,2,47.91
2339,941,82,3,47.91
2340,941,13,1,144.14
2341,942,77,2,326.76
2342,942,28,2,315.77
2343,943,48,2,13.06
2344,944,90,2,305.76
2345,945,107,3,11.83
2346,945,55,3,128.94
2347,945,98,2,124.34
2348,946,23,3,128.59
2349,946,77,1,326.76
2350,946,70,2,49.22
2351,947,90,3,305.76
2352,947,119,1,295.29
2353,947,12,1,287.19
2354,948,14,2,88.35
2355,948,96,3,392.98
2356,948,119,3,295.29
2357,948,13,3,144.14
2358,949,110,2,255.77
2359,949,28,1,315.77
2360,949,100,2,444.92
2361,950,16,2,137.33
2362,950,102,2,70.33
2363,950,53,3,154.42
2364,950,91,3,18.28
2365,951,35,3,435.11
2366,951,34,2,167.01
2367,951,108,2,24.71
2368,952,4,1,222.34
2369,953,22,3,352.21
2370,953,56,1,333.93
2371,953,72,2,441.09
2372,954,103,3,213.33
2373,955,52,2,455.16
2374,955,67,1,494.14
2375,956,81,3,344.85
2376,957,42,1,137.93
2377,957,12,1,287.19
2378,958,4,3,222.34
2379,958,91,3,18.28
2380,959,59,3,351.22
2381,959,81,2,344.85
2382,960,25,3,381.93
2383,960,108,1,24.71
2384,960,93,2,261.29
2385,961,120,1,342.12
2386,962,59,3,351.22
2387,963,115,1,142.35
2388,963,12,1,287.19
2389,963,64,2,262.12
2390,964,53,1,154.42
2391,965,49,2,223.44
2392,965,82,2,47.91
2393,965,104,1,343.06
2394,965,24,2,164.44
2395,966,16,2,137.33
2396,967,21,3,434.19
2397,968,69,1,40.06
2398,969,15,1,149.85
2399,969,4,2,222.34
2400,969,18,1,408.51
2401,970,36,2,51.11
2402,970,26,1,199.39
2403,970,45,3,395.21
2404,971,56,3,333.93
2405,971,52,1,455.16
2406,971,33,1,230.07
2407,971,26,3,199.39
2408,972,22,1,352.21
2409,972,93,2,261.29
2410,972,56,2,333.93
2411,973,78,2,178.84
2412,974,115,3,142.35
2413,974,105,1,477.45
2414,974,58,1,314.67
2415,975,38,3,182.32
2416,975,106,3,13.26
2417,975,68,2,348.55
2418,975,51,1,105.15
2419,976,46,1,382.32
2420,976,10,1,309.99
2421,977,2,2,227.62
2422,978,73,2,194.45
2423,978,116,1,44.12
2424,978,72,1,441.09
2425,978,50,2,495.96
2426,979,72,2,441.09
2427,980,88,2,46.7
2428,980,41,2,413.3
2429,980,26,1,199.39
2430,980,7,2,296.02
2431,981,16,2,137.33
2432,982,31,3,204.41
2433,982,3,2,431.79
2434,982,3,3,431.79
2435,982,101,3,493.51
2436,983,5,3,388.94
2437,983,118,3,270.51
2438,983,6,2,108.89
2439,983,83,1,74.31
2440,984,36,2,51.11
2441,984,97,2,249.97
2442,984,52,1,455.16
2443,985,51,2,105.15
2444,986,80,1,460.35
2445,986,4,1,222.34
2446,986,7,1,296.02
2447,987,22,1,352.21
2448,987,25,3,381.93
2449,988,114,1,271.14
2450,988,15,1,149.85
2451,988,39,1,398.86
2452,989,35,3,435.11
2453,989,22,1,352.21
2454,989,75,2,75.71
2455,989,16,1,137.33
2456,990,86,1,160.68
2457,990,67,3,494.14
2458,990,31,3,204.41
2459,990,62,3,110.64
2460,991,12,2,287.19
2461,991,99,2,299.0
2462,992,89,1,302.49
2463,992,10,2,309.99
2464,993,105,2,477.45
2465,993,25,2,381.93
2466,993,14,2,88.35
2467,993,27,3,290.83
2468,994,84,1,296.84
2469,994,109,3,474.6
2470,994,14,1,88.35
2471,994,29,2,228.74
2472,995,100,2,444.92
2473,995,25,1,381.93
2474,996,19,2,481.57
2475,997,24,2,164.44
2476,997,4,2,222.34
2477,997,85,3,179.01
2478,997,58,2,314.67
2479,998,56,1,333.93
2480,998,20,2,459.79
2481,998,65,2,9.6
2482,999,48,1,13.06
2483,999,7,3,296.02
2484,999,49,3,223.44
2485,1000,23,3,128.59
2486,1000,36,3,51.11
2487,1000,78,2,178.84
2488,1000,67,2,494.14
2489,1001,29,1,228.74
2490,1002,9,3,318.22
2491,1002,13,2,144.14
2492,1003,51,1,105.15
2493,1003,29,3,228.74
2494,1003,106,3,13.26
2495,1003,35,2,435.11
2496,1004,91,3,18.28
2497,1004,37,3,319.25
2498,1004,1,1,152.37
2499,1005,95,2,151.29
2500,1005,110,3,255.77
2501,1005,31,1,204.41
2502,1005,41,3,413.3
2503,1006,19,1,481.57
2504,1006,86,2,160.68
2505,1006,55,2,128.94
2506,1006,3,1,431.79
2507,1007,61,3,353.33
2508,1007,1,2,152.37
2509,1007,112,1,214.67
2510,1008,107,1,11.83
2511,1008,68,3,348.55
2512,1008,22,1,352.21
2513,1009,63,3,70.69
2514,1009,45,3,395.21
2515,1009,33,3,230.07
2516,1009,63,2,70.69
2517,1010,91,2,18.28
2518,1010,115,3,142.35
2519,1010,100,3,444.92
2520,1011,19,2,481.57
2521,1012,4,1,222.34
2522,1012,74,3,322.58
2523,1012,90,2,305.76
2524,1012,47,1,54.29
2525,1013,113,3,45.8
2526,1013,87,3,127.65
2527,1013,116,2,44.12
2528,1014,51,3,105.15
2529,1014,54,2,51.2
2530,1014,40,1,112.83
2531,1015,56,2,333.93
2532,1016,64,3,262.12
2533,1017,80,3,460.35
2534,1017,86,1,160.68
2535,1017,39,2,398.86
2536,1018,6,1,108.89
2537,1018,37,3,319.25
2538,1018,16,1,137.33
2539,1018,63,2,70.69
2540,1019,33,1,230.07
2541,1020,12,3,287.19
2542,1020,35,1,435.11
2543,1021,29,1,228.74
2544,1021,61,2,353.33
2545,1021,32,3,142.72
2546,1022,118,2,270.51
2547,1022,77,2,326.76
2548,1022,23,3,128.59
2549,1023,88,1,46.7
2550,1023,33,1,230.07
2551,1024,11,2,407.7
2552,1024,73,3,194.45
2553,1024,60,3,217.47
2554,1025,68,2,348.55
2555,1025,89,2,302.49
2556,1026,46,2,382.32
2557,1026,60,2,217.47
2558,1026,53,2,154.42
2559,1026,4,3,222.34
2560,1027,101,1,493.51
2561,1027,75,3,75.71
2562,1027,48,1,13.06
2563,1028,97,2,249.97
2564,1029,104,3,343.06
2565,1029,59,1,351.22
2566,1029,11,1,407.7
2567,1029,35,3,435.11
2568,1030,73,2,194.45
2569,1030,89,2,302.49
2570,1030,111,1,357.75
2571,1031,90,1,305.76
2572,1032,29,3,228.74
2573,1032,82,1,47.91
2574,1033,80,3,460.35
2575,1033,26,1,199.39
2576,1033,9,1,318.22
2577,1033,20,3,459.79
2578,1034,14,2,88.35
2579,1034,4,3,222.34
2580,1035,52,2,455.16
2581,1035,24,1,164.44
2582,1035,108,3,24.71
2583,1036,56,1,333.93
2584,1037,66,3,175.07
2585,1037,90,3,305.76
2586,1038,86,1,160.68
2587,1038,76,2,283.83
2588,1038,48,3,13.06
2589,1039,54,2,51.2
2590,1039,19,1,481.57
2591,1039,37,2,319.25
2592,1039,16,3,137.33
2593,1040,83,3,74.31
2594,1041,60,3,217.47
2595,1041,59,2,351.22
2596,1042,45,3,395.21
2597,1042,68,2,348.55
2598,1043,84,3,296.84
2599,1043,73,2,194.45
2600,1043,59,3,351.22
2601,1044,9,3,318.22
2602,1044,62,2,110.64
2603,1044,61,3,353.33
2604,1044,85,1,179.01
2605,1045,17,3,492.82
2606,1045,42,3,137.93
2607,1045,75,2,75.71
2608,1046,4,3,222.34
2609,1047,120,3,342.12
2610,1047,61,2,353.33
2611,1047,98,1,124.34
2612,1047,99,3,299.0
2613,1048,119,1,295.29
2614,1048,8,3,431.22
2615,1048,33,1,230.07
2616,1048,5,3,388.94
2617,1049,119,1,295.29
2618,1050,18,3,408.51
2619,1050,74,3,322.58
2620,1050,26,1,199.39
2621,1050,33,2,230.07
2622,1051,95,1,151.29
2623,1051,56,3,333.93
2624,1052,27,1,290.83
2625,1053,44,1,69.64
2626,1054,65,2,9.6
2627,1054,46,3,382.32
2628,1054,116,3,44.12
2629,1054,110,1,255.77
2630,1055,73,1,194.45
2631,1056,64,1,262.12
2632,1057,29,2,228.74
2633,1058,112,1,214.67
2634,1059,110,3,255.77
2635,1059,120,3,342.12
2636,1060,70,3,49.22
2637,1061,5,2,388.94
2638,1062,18,1,408.51
2639,1063,64,1,262.12
2640,1063,104,3,343.06
2641,1064,54,3,51.2
2642,1065,35,3,435.11
2643,1065,6,1,108.89
2644,1066,56,2,333.93
2645,1066,39,1,398.86
2646,1066,3,1,431.79
2647,1067,88,3,46.7
2648,1067,95,1,151.29
2649,1067,71,2,56.08
2650,1067,7,2,296.02
2651,1068,71,1,56.08
2652,1068,15,2,149.85
2653,1068,16,3,137.33
2654,1068,116,2,44.12
2655,1069,31,1,204.41
2656,1070,96,3,392.98
2657,1070,73,1,194.45
2658,1070,103,1,213.33
2659,1070,112,3,214.67
2660,1071,57,1,86.93
2661,1071,37,1,319.25
2662,1072,17,3,492.82
2663,1072,51,2,105.15
2664,1072,85,1,179.01
2665,1073,64,3,262.12
2666,1073,95,2,151.29
2667,1074,100,3,444.92
2668,1074,38,3,182.32
2669,1074,32,3,142.72
2670,1075,7,2,296.02
2671,1076,11,1,407.7
2672,1076,117,1,487.29
2673,1076,108,3,24.71
2674,1077,48,3,13.06
2675,1078,15,1,149.85
2676,1078,64,1,262.12
2677,1078,35,2,435.11
2678,1078,76,2,283.83
2679,1079,64,1,262.12
2680,1079,111,2,357.75
2681,1079,50,2,495.96
2682,1079,6,1,108.89
2683,1080,85,2,179.01
2684,1081,119,2,295.29
2685,1081,104,3,343.06
2686,1081,28,1,315.77
2687,1082,101,3,493.51
2688,1082,119,3,295.29
2689,1082,97,1,249.97
2690,1082,104,1,343.06
2691,1083,55,3,128.94
2692,1083,93,3,261.29
2693,1083,99,3,299.0
2694,1083,34,1,167.01
2695,1084,36,3,51.11
2696,1085,44,3,69.64
2697,1085,51,1,105.15
2698,1085,79,2,315.9
2699,1086,16,2,137.33
2700,1087,57,2,86.93
2701,1087,3,2,431.79
2702,1088,82,3,47.91
2703,1088,28,2,315.77
2704,1088,8,3,431.22
2705,1088,11,2,407.7
2706,1089,24,2,164.44
2707,1089,99,2,299.0
2708,1089,34,2,167.01
2709,1089,17,1,492.82
2710,1090,15,3,149.85
2711,1090,5,1,388.94
2712,1091,71,3,56.08
2713,1092,87,2,127.65
2714,1093,45,1,395.21
2715,1093,10,3,309.99
2716,1094,27,2,290.83
2717,1094,74,2,322.58
2718,1095,19,1,481.57
2719,1095,42,3,137.93
2720,1095,101,2,493.51
2721,1096,38,3,182.32
2722,1096,4,1,222.34
2723,1096,48,1,13.06
2724,1096,38,1,182.32
2725,1097,104,2,343.06
2726,1097,66,3,175.07
2727,1098,49,3,223.44
2728,1098,5,3,388.94
2729,1099,120,1,342.12
2730,1100,69,3,40.06
2731,1100,16,3,137.33
2732,1100,103,1,213.33
2733,1100,78,2,178.84
2734,1101,25,3,381.93
2735,1101,38,1,182.32
2736,1101,43,1,172.19
2737,1102,89,1,302.49
2738,1103,72,3,441.09
2739,1103,10,2,309.99
2740,1103,84,2,296.84
2741,1104,73,1,194.45
2742,1104,119,3,295.29
2743,1105,78,2,178.84
2744,1105,102,2,70.33
2745,1106,54,3,51.2
2746,1106,19,3,481.57
2747,1106,64,3,262.12
2748,1106,113,1,45.8
2749,1107,54,2,51.2
2750,1108,112,1,214.67
2751,1108,107,2,11.83
2752,1109,66,3,175.07
2753,1109,118,2,270.51
2754,1110,92,2,438.53
2755,1110,16,2,137.33
2756,1111,93,1,261.29
2757,1112,95,2,151.29
2758,1112,38,2,182.32
2759,1112,90,1,305.76
2760,1112,94,1,98.38
2761,1113,76,3,283.83
2762,1114,42,2,137.93
2763,1114,23,3,128.59
2764,1114,93,3,261.29
2765,1114,36,1,51.11
2766,1115,73,3,194.45
2767,1116,42,2,137.93
2768,1116,41,1,413.3
2769,1116,19,1,481.57
2770,1117,13,2,144.14
2771,1117,37,1,319.25
2772,1117,16,2,137.33
2773,1118,37,2,319.25
2774,1118,78,1,178.84
2775,1119,27,3,290.83
2776,1120,115,3,142.35
2777,1121,48,1,13.06
2778,1122,107,2,11.83
2779,1122,38,1,182.32
2780,1123,12,1,287.19
2781,1123,36,3,51.11
2782,1123,86,1,160.68
2783,1124,21,3,434.19
2784,1124,43,2,172.19
2785,1124,59,3,351.22
2786,1125,56,1,333.93
2787,1126,82,3,47.91
2788,1127,112,1,214.67
2789,1127,87,1,127.65
2790,1127,34,2,167.01
2791,1127,20,2,459.79
2792,1128,82,1,47.91
2793,1128,67,3,494.14
2794,1129,72,3,441.09
2795,1129,27,3,290.83
2796,1129,23,1,128.59
2797,1129,54,3,51.2
2798,1130,82,2,47.91
2799,1130,62,3,110.64
2800,1131,63,3,70.69
2801,1131,51,3,105.15
2802,1131,46,3,382.32
2803,1131,62,2,110.64
2804,1132,58,2,314.67
2805,1132,32,3,142.72
2806,1132,55,1,128.94
2807,1132,23,2,128.59
2808,1133,91,1,18.28
2809,1133,100,2,444.92
2810,1133,108,2,24.71
2811,1133,77,2,326.76
2812,1134,114,2,271.14
2813,1134,8,3,431.22
2814,1135,51,2,105.15
2815,1135,55,2,128.94
2816,1135,34,1,167.01
2817,1135,35,2,435.11
2818,1136,58,2,314.67
2819,1136,29,3,228.74
2820,1136,113,1,45.8
2821,1137,17,3,492.82
2822,1137,70,1,49.22
2823,1137,93,1,261.29
2824,1138,99,3,299.0
2825,1138,9,3,318.22
2826,1138,7,3,296.02
2827,1139,108,3,24.71
2828,1139,51,3,105.15
2829,1140,53,1,154.42
2830,1140,71,3,56.08
2831,1140,32,1,142.72
2832,1141,102,2,70.33
2833,1141,6,1,108.89
2834,1141,37,2,319.25
2835,1141,4,1,222.34
2836,1142,84,2,296.84
2837,1142,17,3,492.82
2838,1142,113,2,45.8
2839,1142,111,1,357.75
2840,1143,2,3,227.62
2841,1144,25,3,381.93
2842,1144,110,2,255.77
2843,1144,101,2,493.51
2844,1144,55,3,128.94
2845,1145,13,2,144.14
2846,1145,84,3,296.84
2847,1146,29,2,228.74
2848,1147,49,1,223.44
2849,1147,64,3,262.12
2850,1148,29,3,228.74
2851,1148,4,2,222.34
2852,1148,99,1,299.0
2853,1148,58,2,314.67
2854,1149,19,3,481.57
2855,1149,11,1,407.7
2856,1149,72,1,441.09
2857,1150,19,2,481.57
2858,1151,8,2,431.22
2859,1151,33,2,230.07
2860,1152,89,3,302.49
2861,1152,77,2,326.76
2862,1152,112,1,214.67
2863,1153,70,2,49.22
2864,1153,41,3,413.3
2865,1153,31,2,204.41
2866,1153,60,3,217.47
2867,1154,55,3,128.94
2868,1155,67,3,494.14
2869,1155,16,1,137.33
2870,1156,64,1,262.12
2871,1156,81,3,344.85
2872,1156,63,1,70.69
2873,1156,96,3,392.98
2874,1157,56,2,333.93
2875,1158,73,3,194.45
2876,1158,22,1,352.21
2877,1158,38,3,182.32
2878,1159,61,2,353.33
2879,1159,27,2,290.83
2880,1159,119,3,295.29
2881,1160,41,2,413.3
2882,1161,40,3,112.83
2883,1162,43,1,172.19
2884,1162,8,3,431.22
2885,1162,60,3,217.47
2886,1162,21,1,434.19
2887,1163,81,1,344.85
2888,1163,119,1,295.29
2889,1163,36,2,51.11
2890,1164,120,2,342.12
2891,1164,72,3,441.09
2892,1164,83,3,74.31
2893,1164,26,1,199.39
2894,1165,23,2,128.59
2895,1165,73,1,194.45
2896,1165,17,3,492.82
2897,1166,104,3,343.06
2898,1166,112,3,214.67
2899,1166,86,2,160.68
2900,1167,12,3,287.19
2901,1167,19,1,481.57
2902,1168,115,1,142.35
2903,1169,42,2,137.93
2904,1169,65,1,9.6
2905,1169,31,3,204.41
2906,1169,51,2,105.15
2907,1170,108,3,24.71
2908,1170,41,3,413.3
2909,1170,11,3,407.7
2910,1171,108,2,24.71
2911,1171,72,2,441.09
2912,1172,84,2,296.84
2913,1172,23,1,128.59
2914,1172,111,2,357.75
2915,1172,110,2,255.77
2916,1173,49,2,223.44
2917,1173,23,3,128.59
2918,1174,1,3,152.37
2919,1174,40,2,112.83
2920,1175,78,2,178.84
2921,1176,6,3,108.89
2922,1176,91,2,18.28
2923,1176,36,3,51.11
2924,1176,8,3,431.22
2925,1177,63,1,70.69
2926,1177,61,3,353.33
2927,1177,112,3,214.67
2928,1177,97,3,249.97
2929,1178,91,3,18.28
2930,1178,23,1,128.59
2931,1179,82,3,47.91
2932,1179,8,2,431.22
2933,1179,13,3,144.14
2934,1179,36,1,51.11
2935,1180,116,3,44.12
2936,1180,93,2,261.29
2937,1181,108,3,24.71
2938,1181,86,1,160.68
2939,1181,9,1,318.22
2940,1181,106,3,13.26
2941,1182,57,1,86.93
2942,1182,36,3,51.11
2943,1183,82,3,47.91
2944,1183,108,1,24.71
2945,1184,44,2,69.64
2946,1185,12,1,287.19
2947,1185,118,1,270.51
2948,1185,24,3,164.44
2949,1185,12,1,287.19
2950,1186,101,1,493.51
2951,1186,28,3,315.77
2952,1187,108,3,24.71
2953,1187,83,1,74.31
2954,1187,96,3,392.98
2955,1188,23,2,128.59
2956,1188,18,3,408.51
2957,1188,41,2,413.3
2958,1189,38,2,182.32
2959,1189,90,2,305.76
2960,1190,45,3,395.21
2961,1190,67,2,494.14
2962,1190,107,3,11.83
2963,1191,69,3,40.06
2964,1191,27,3,290.83
2965,1192,44,3,69.64
2966,1192,65,3,9.6
2967,1193,28,2,315.77
2968,1193,34,1,167.01
2969,1193,119,1,295.29
2970,1194,18,2,408.51
2971,1194,76,2,283.83
2972,1194,48,3,13.06
2973,1194,49,3,223.44
2974,1195,112,1,214.67
2975,1195,21,2,434.19
2976,1195,61,2,353.33
2977,1196,40,1,112.83
2978,1196,60,3,217.47
2979,1196,24,1,164.44
2980,1197,94,2,98.38
2981,1197,61,1,353.33
2982,1197,33,3,230.07
2983,1197,48,3,13.06
2984,1198,6,1,108.89
2985,1198,98,3,124.34
2986,1198,14,2,88.35
2987,1199,21,3,434.19
2988,1200,73,1,194.45
2989,1200,17,3,492.82
2990,1201,103,2,213.33
2991,1201,59,2,351.22
2992,1202,114,1,271.14
2993,1202,39,2,398.86
2994,1203,12,3,287.19
2995,1203,32,1,142.72
2996,1203,88,3,46.7
2997,1203,109,2,474.6
2998,1204,61,3,353.33
2999,1205,107,2,11.83
3000,1205,91,1,18.28
3001,1205,98,1,124.34
3002,1205,50,1,495.96
3003,1206,105,3,477.45
3004,1206,94,2,98.38
3005,1206,77,2,326.76
3006,1207,29,3,228.74
3007,1208,65,1,9.6
3008,1208,79,3,315.9
3009,1208,97,2,249.97
3010,1209,25,1,381.93
3011,1209,28,2,315.77
3012,1209,56,1,333.93
3013,1209,44,2,69.64
3014,1210,50,3,495.96
3015,1210,106,2,13.26
3016,1210,5,2,388.94
3017,1211,60,1,217.47
3018,1212,21,2,434.19
3019,1213,2,2,227.62
3020,1213,84,3,296.84
3021,1213,52,2,455.16
3022,1213,99,1,299.0
3023,1214,65,2,9.6
3024,1214,100,2,444.92
3025,1214,92,2,438.53
3026,1214,109,3,474.6
3027,1215,112,3,214.67
3028,1215,11,1,407.7
3029,1215,1,2,152.37
3030,1215,120,3,342.12
3031,1216,56,1,333.93
3032,1216,60,2,217.47
3033,1216,6,1,108.89
3034,1216,112,2,214.67
3035,1217,33,2,230.07
3036,1217,44,3,69.64
3037,1217,38,1,182.32
3038,1218,54,1,51.2
3039,1218,58,2,314.67
3040,1218,39,3,398.86
3041,1219,69,3,40.06
3042,1220,17,3,492.82
3043,1221,45,2,395.21
3044,1221,89,3,302.49
3045,1221,32,3,142.72
3046,1222,42,2,137.93
3047,1223,66,3,175.07
3048,1223,11,2,407.7
3049,1223,119,3,295.29
3050,1223,96,2,392.98
3051,1224,93,3,261.29
3052,1224,96,1,392.98
3053,1224,108,2,24.71
3054,1225,79,3,315.9
3055,1225,70,1,49.22
3056,1225,89,1,302.49
3057,1226,36,3,51.11
3058,1226,89,1,302.49
3059,1226,36,3,51.11
3060,1226,86,1,160.68
3061,1227,1,2,152.37
3062,1227,27,1,290.83
3063,1227,101,2,493.51
3064,1228,13,1,144.14
3065,1228,29,1,228.74
3066,1228,91,2,18.28
3067,1229,76,2,283.83
3068,1229,82,3,47.91
3069,1229,43,3,172.19
3070,1229,50,2,495.96
3071,1230,45,2,395.21
3072,1230,20,2,459.79
3073,1230,110,3,255.77
3074,1231,33,2,230.07
3075,1231,5,3,388.94
3076,1231,110,3,255.77
3077,1231,11,3,407.7
3078,1232,96,3,392.98
3079,1232,48,2,13.06
3080,1233,20,3,459.79
3081,1234,54,1,51.2
3082,1234,97,2,249.97
3083,1234,72,3,441.09
3084,1234,63,1,70.69
3085,1235,13,2,144.14
3086,1236,23,1,128.59
3087,1236,99,3,299.0
3088,1236,52,3,455.16
3089,1237,41,2,413.3
3090,1237,81,1,344.85
3091,1237,86,3,160.68
3092,1238,29,2,228.74
3093,1238,64,2,262.12
3094,1238,37,2,319.25
3095,1238,21,1,434.19
3096,1239,98,2,124.34
3097,1239,84,1,296.84
3098,1239,88,1,46.7
3099,1240,53,1,154.42
3100,1240,82,1,47.91
3101,1240,80,1,460.35
3102,1240,18,3,408.51
3103,1241,3,2,431.79
3104,1241,79,1,315.9
3105,1241,22,3,352.21
3106,1241,81,2,344.85
3107,1242,71,3,56.08
3108,1242,111,1,357.75
3109,1242,109,1,474.6
3110,1242,59,2,351.22
3111,1243,17,2,492.82
3112,1243,9,1,318.22
3113,1243,27,3,290.83
3114,1244,31,1,204.41
3115,1244,60,3,217.47
3116,1244,83,1,74.31
3117,1244,103,3,213.33
3118,1245,1,3,152.37
3119,1246,111,2,357.75
3120,1246,10,2,309.99
3121,1246,34,3,167.01
3122,1246,69,1,40.06
3123,1247,62,3,110.64
3124,1247,8,2,431.22
3125,1247,104,2,343.06
3126,1247,107,3,11.83
3127,1248,55,1,128.94
3128,1248,14,1,88.35
3129,1248,109,2,474.6
3130,1248,98,3,124.34
3131,1249,85,2,179.01
3132,1249,19,1,481.57
3133,1249,102,2,70.33
3134,1249,27,2,290.83
3135,1250,116,3,44.12
3136,1250,63,1,70.69
3137,1250,97,2,249.97
3138,1250,44,2,69.64
3139,1251,77,1,326.76
3140,1251,98,1,124.34
3141,1251,19,3,481.57
3142,1252,92,2,438.53
3143,1252,40,3,112.83
3144,1252,21,3,434.19
3145,1253,20,3,459.79
3146,1253,104,3,343.06
3147,1253,17,1,492.82
3148,1254,4,1,222.34
3149,1254,75,2,75.71
3150,1255,93,3,261.29
3151,1255,96,3,392.98
3152,1255,52,2,455.16
3153,1256,67,2,494.14
3154,1256,49,2,223.44
3155,1256,83,1,74.31
3156,1257,2,3,227.62
3157,1257,9,2,318.22
3158,1257,29,2,228.74
3159,1257,27,1,290.83
3160,1258,46,2,382.32
3161,1258,59,3,351.22
3162,1259,86,1,160.68
3163,1259,52,3,455.16
3164,1259,13,2,144.14
3165,1260,103,1,213.33
3166,1261,33,3,230.07
3167,1261,24,3,164.44
3168,1262,6,3,108.89
3169,1262,35,3,435.11
3170,1263,67,2,494.14
3171,1263,8,1,431.22
3172,1264,60,1,217.47
3173,1264,69,1,40.06
3174,1264,41,3,413.3
3175,1264,10,1,309.99
3176,1265,26,1,199.39
3177,1265,70,3,49.22
3178,1265,28,3,315.77
3179,1265,63,2,70.69
3180,1266,93,2,261.29
3181,1267,1,2,152.37
3182,1267,97,2,249.97
3183,1267,77,2,326.76
3184,1267,64,3,262.12
3185,1268,83,2,74.31
3186,1268,34,3,167.01
3187,1268,32,2,142.72
3188,1269,81,2,344.85
3189,1269,15,1,149.85
3190,1269,63,1,70.69
3191,1270,23,1,128.59
3192,1270,98,2,124.34
3193,1271,25,1,381.93
3194,1271,98,1,124.34
3195,1272,99,3,299.0
3196,1272,61,1,353.33
3197,1272,88,2,46.7
3198,1273,21,1,434.19
3199,1273,99,2,299.0
3200,1273,101,1,493.51
3201,1274,67,2,494.14
3202,1274,84,3,296.84
3203,1274,101,2,493.51
3204,1275,48,1,13.06
3205,1275,40,2,112.83
3206,1275,94,2,98.38
3207,1276,98,2,124.34
3208,1276,1,2,152.37
3209,1276,8,2,431.22
3210,1276,46,3,382.32
3211,1277,27,3,290.83
3212,1277,92,2,438.53
3213,1278,102,2,70.33
3214,1278,42,3,137.93
3215,1278,72,3,441.09
3216,1278,26,1,199.39
3217,1279,10,1,309.99
3218,1280,6,3,108.89
3219,1280,50,3,495.96
3220,1280,117,3,487.29
3221,1280,63,1,70.69
3222,1281,13,1,144.14
3223,1282,119,2,295.29
3224,1282,15,2,149.85
3225,1282,18,3,408.51
3226,1282,10,2,309.99
3227,1283,74,1,322.58
3228,1283,72,1,441.09
3229,1283,57,1,86.93
3230,1284,89,1,302.49
3231,1284,18,1,408.51
3232,1284,112,3,214.67
3233,1285,42,2,137.93
3234,1285,30,2,398.33
3235,1286,78,3,178.84
3236,1286,120,1,342.12
3237,1286,18,1,408.51
3238,1287,107,3,11.83
3239,1288,5,3,388.94
3240,1288,112,2,214.67
3241,1288,102,3,70.33
3242,1288,63,2,70.69
3243,1289,73,1,194.45
3244,1290,74,2,322.58
3245,1291,105,2,477.45
3246,1291,60,2,217.47
3247,1291,114,3,271.14
3248,1291,20,3,459.79
3249,1292,59,3,351.22
3250,1292,100,3,444.92
3251,1292,95,2,151.29
3252,1293,80,2,460.35
3253,1294,20,2,459.79
3254,1294,110,1,255.77
3255,1294,75,3,75.71
3256,1294,99,2,299.0
3257,1295,115,3,142.35
3258,1295,112,3,214.67
3259,1295,20,1,459.79
3260,1296,4,3,222.34
3261,1297,9,2,318.22
3262,1297,112,2,214.67
3263,1297,119,1,295.29
3264,1298,35,1,435.11
3265,1298,120,1,342.12
3266,1298,99,2,299.0
3267,1298,4,1,222.34
3268,1299,112,3,214.67
3269,1299,110,3,255.77
3270,1299,27,2,290.83
3271,1299,7,2,296.02
3272,1300,76,1,283.83
3273,1300,12,1,287.19
3274,1300,65,3,9.6
3275,1300,93,3,261.29
3276,1301,95,3,151.29
3277,1301,46,3,382.32
3278,1301,41,2,413.3
3279,1301,25,1,381.93
3280,1302,66,1,175.07
3281,1302,59,1,351.22
3282,1302,1,2,152.37
3283,1303,40,1,112.83
3284,1303,56,3,333.93
3285,1303,39,1,398.86
3286,1304,3,2,431.79
3287,1304,94,3,98.38
3288,1304,115,2,142.35
3289,1304,6,1,108.89
3290,1305,67,1,494.14
3291,1305,18,3,408.51
3292,1306,111,3,357.75
3293,1306,85,2,179.01
3294,1307,23,1,128.59
3295,1307,120,3,342.12
3296,1307,20,3,459.79
3297,1307,104,3,343.06
3298,1308,64,1,262.12
3299,1309,80,2,460.35
3300,1309,4,1,222.34
3301,1309,43,1,172.19
3302,1310,70,2,49.22
3303,1311,13,1,144.14
3304,1311,45,1,395.21
3305,1312,60,2,217.47
3306,1312,110,3,255.77
3307,1312,57,1,86.93
3308,1312,110,3,255.77
3309,1313,17,2,492.82
3310,1313,85,3,179.01
3311,1313,47,3,54.29
3312,1314,17,1,492.82
3313,1314,66,1,175.07
3314,1315,92,2,438.53
3315,1316,33,1,230.07
3316,1316,94,3,98.38
3317,1317,98,1,124.34
3318,1317,42,2,137.93
3319,1317,48,3,13.06
3320,1318,102,1,70.33
3321,1319,21,2,434.19
3322,1319,42,1,137.93
3323,1320,81,3,344.85
3324,1320,52,2,455.16
3325,1321,16,3,137.33
3326,1321,36,3,51.11
3327,1321,99,3,299.0
3328,1321,119,2,295.29
3329,1322,99,3,299.0
3330,1322,59,3,351.22
3331,1322,13,3,144.14
3332,1322,110,2,255.77
3333,1323,83,1,74.31
3334,1323,70,1,49.22
3335,1323,13,1,144.14
3336,1323,59,1,351.22
3337,1324,112,2,214.67
3338,1324,40,2,112.83
3339,1325,51,3,105.15
3340,1325,25,1,381.93
3341,1326,73,3,194.45
3342,1326,68,1,348.55
3343,1327,48,1,13.06
3344,1327,13,3,144.14
3345,1328,108,3,24.71
3346,1328,20,3,459.79
3347,1329,52,2,455.16
3348,1330,42,1,137.93
3349,1330,93,2,261.29
3350,1330,1,1,152.37
3351,1330,33,3,230.07
3352,1331,8,2,431.22
3353,1332,51,1,105.15
3354,1332,83,2,74.31
3355,1333,10,1,309.99
3356,1333,36,1,51.11
3357,1333,115,2,142.35
3358,1334,57,1,86.93
3359,1334,87,2,127.65
3360,1335,68,1,348.55
3361,1335,99,3,299.0
3362,1335,77,2,326.76
3363,1336,70,3,49.22
3364,1337,113,2,45.8
3365,1337,6,2,108.89
3366,1337,108,2,24.71
3367,1338,113,3,45.8
3368,1338,89,2,302.49
3369,1339,94,3,98.38
3370,1340,54,1,51.2
3371,1340,82,1,47.91
3372,1340,111,2,357.75
3373,1340,108,3,24.71
3374,1341,54,3,51.2
3375,1341,108,2,24.71
3376,1341,46,1,382.32
3377,1342,75,2,75.71
3378,1342,29,3,228.74
3379,1343,72,3,441.09
3380,1343,108,3,24.71
3381,1343,49,3,223.44
3382,1343,67,3,494.14
3383,1344,74,1,322.58
3384,1345,105,2,477.45
3385,1345,92,3,438.53
3386,1345,6,2,108.89
3387,1345,83,2,74.31
3388,1346,105,3,477.45
3389,1346,96,2,392.98
3390,1346,86,1,160.68
3391,1346,28,3,315.77
3392,1347,38,2,182.32
3393,1348,105,3,477.45
3394,1348,45,2,395.21
3395,1348,32,2,142.72
3396,1349,99,1,299.0
3397,1349,27,3,290.83
3398,1349,99,3,299.0
3399,1350,110,1,255.77
3400,1350,43,2,172.19
3401,1350,79,3,315.9
3402,1350,95,1,151.29
3403,1351,41,3,413.3
3404,1351,64,3,262.12
3405,1351,24,2,164.44
3406,1351,26,2,199.39
3407,1352,97,1,249.97
3408,1352,22,2,352.21
3409,1352,3,1,431.79
3410,1353,97,3,249.97
3411,1353,69,1,40.06
3412,1353,51,3,105.15
3413,1354,110,2,255.77
3414,1354,19,3,481.57
3415,1354,44,3,69.64
3416,1354,46,2,382.32
3417,1355,42,1,137.93
3418,1356,86,2,160.68
3419,1356,4,2,222.34
3420,1357,57,3,86.93
3421,1357,104,1,343.06
3422,1358,110,3,255.77
3423,1359,53,1,154.42
3424,1359,109,3,474.6
3425,1360,96,2,392.98
3426,1360,91,2,18.28
3427,1360,103,2,213.33
3428,1360,56,2,333.93
3429,1361,10,3,309.99
3430,1361,18,2,408.51
3431,1361,111,3,357.75
3432,1362,118,3,270.51
3433,1363,93,2,261.29
3434,1363,92,3,438.53
3435,1364,59,3,351.22
3436,1365,22,1,352.21
3437,1366,62,3,110.64
3438,1366,19,1,481.57
3439,1366,88,2,46.7
3440,1367,115,3,142.35
3441,1367,4,3,222.34
3442,1367,77,2,326.76
3443,1368,85,2,179.01
3444,1368,40,3,112.83
3445,1369,19,3,481.57
3446,1369,88,3,46.7
3447,1369,41,1,413.3
3448,1369,79,1,315.9
3449,1370,68,2,348.55
3450,1371,107,1,11.83
3451,1371,4,3,222.34
3452,1372,13,2,144.14
3453,1373,49,3,223.44
3454,1373,61,1,353.33
3455,1373,109,2,474.6
3456,1373,24,1,164.44
3457,1374,64,1,262.12
3458,1374,24,2,164.44
3459,1374,52,1,455.16
3460,1375,58,1,314.67
3461,1375,68,2,348.55
3462,1375,3,3,431.79
3463,1376,22,1,352.21
3464,1377,40,1,112.83
3465,1377,103,3,213.33
3466,1377,73,2,194.45
3467,1377,110,1,255.77
3468,1378,24,3,164.44
3469,1378,28,2,315.77
3470,1378,13,3,144.14
3471,1378,117,1,487.29
3472,1379,91,1,18.28
3473,1379,65,1,9.6
3474,1379,105,2,477.45
3475,1379,4,3,222.34
3476,1380,14,2,88.35
3477,1380,88,1,46.7
3478,1380,76,3,283.83
3479,1381,79,2,315.9
3480,1381,59,3,351.22
3481,1382,44,1,69.64
3482,1383,102,2,70.33
3483,1383,6,2,108.89
3484,1384,109,3,474.6
3485,1385,97,3,249.97
3486,1385,83,1,74.31
3487,1385,37,2,319.25
3488,1385,18,2,408.51
3489,1386,56,2,333.93
3490,1386,11,2,407.7
3491,1386,4,2,222.34
3492,1386,14,2,88.35
3493,1387,64,2,262.12
3494,1387,99,3,299.0
3495,1387,90,1,305.76
3496,1388,115,3,142.35
3497,1388,96,3,392.98
3498,1388,70,1,49.22
3499,1389,39,2,398.86
3500,1390,95,3,151.29
3501,1390,68,1,348.55
3502,1390,66,2,175.07
3503,1390,88,3,46.7
3504,1391,115,1,142.35
3505,1391,92,2,438.53
3506,1392,74,3,322.58
3507,1392,79,1,315.9
3508,1393,1,1,152.37
3509,1393,85,2,179.01
3510,1393,23,2,128.59
3511,1394,19,3,481.57
3512,1394,32,3,142.72
3513,1395,27,3,290.83
3514,1395,95,2,151.29
3515,1395,53,3,154.42
3516,1396,108,1,24.71
3517,1396,105,2,477.45
3518,1396,33,3,230.07
3519,1397,90,2,305.76
3520,1398,82,1,47.91
3521,1399,69,2,40.06
3522,1399,22,3,352.21
3523,1400,69,2,40.06
3524,1400,37,3,319.25
3525,1400,34,1,167.01
3526,1401,26,1,199.39
3527,1401,67,1,494.14
3528,1401,61,2,353.33
3529,1401,14,1,88.35
3530,1402,98,3,124.34
3531,1403,57,3,86.93
3532,1403,19,2,481.57
3533,1403,77,1,326.76
3534,1404,73,1,194.45
3535,1405,60,1,217.47
3536,1405,116,3,44.12
3537,1405,8,2,431.22
3538,1406,29,1,228.74
3539,1407,112,2,214.67
3540,1408,72,1,441.09
3541,1408,19,3,481.57
3542,1408,41,1,413.3
3543,1409,80,3,460.35
3544,1410,19,1,481.57
3545,1411,105,2,477.45
3546,1412,3,3,431.79
3547,1413,88,3,46.7
3548,1413,50,2,495.96
3549,1413,117,3,487.29
3550,1414,45,3,395.21
3551,1414,59,2,351.22
3552,1414,118,1,270.51
3553,1415,37,3,319.25
3554,1415,94,1,98.38
3555,1416,56,2,333.93
3556,1417,52,1,455.16
3557,1417,108,3,24.71
3558,1418,59,3,351.22
3559,1418,58,2,314.67
3560,1418,50,2,495.96
3561,1418,47,2,54.29
3562,1419,32,1,142.72
3563,1419,92,1,438.53
3564,1420,116,2,44.12
3565,1420,71,2,56.08
3566,1420,48,3,13.06
3567,1421,14,3,88.35
3568,1421,84,2,296.84
3569,1421,39,3,398.86
3570,1421,53,1,154.42
3571,1422,85,2,179.01
3572,1422,120,3,342.12
3573,1423,50,3,495.96
3574,1423,86,1,160.68
3575,1424,74,1,322.58
3576,1424,20,2,459.79
3577,1424,41,2,413.3
3578,1424,32,3,142.72
3579,1425,87,1,127.65
3580,1426,43,1,172.19
3581,1427,40,1,112.83
3582,1427,47,3,54.29
3583,1428,91,1,18.28
3584,1428,38,2,182.32
3585,1428,13,3,144.14
3586,1429,69,3,40.06
3587,1430,90,2,305.76
3588,1430,89,1,302.49
3589,1430,15,3,149.85
3590,1430,19,2,481.57
3591,1431,49,2,223.44
3592,1431,22,1,352.21
3593,1431,76,3,283.83
3594,1431,105,2,477.45
3595,1432,115,1,142.35
3596,1432,63,3,70.69
3597,1432,73,2,194.45
3598,1432,114,2,271.14
3599,1433,80,2,460.35
3600,1433,87,2,127.65
3601,1434,38,3,182.32
3602,1434,102,1,70.33
3603,1434,46,3,382.32
3604,1435,22,2,352.21
3605,1435,109,2,474.6
3606,1435,25,3,381.93
3607,1435,36,3,51.11
3608,1436,84,1,296.84
3609,1437,6,2,108.89
3610,1437,96,3,392.98
3611,1437,59,3,351.22
3612,1438,112,3,214.67
3613,1438,2,3,227.62
3614,1439,116,2,44.12
3615,1439,49,2,223.44
3616,1440,43,2,172.19
3617,1440,103,3,213.33
3618,1440,110,2,255.77
3619,1440,53,3,154.42
3620,1441,63,2,70.69
3621,1441,35,1,435.11
3622,1442,3,1,431.79
3623,1443,9,1,318.22
3624,1443,74,1,322.58
3625,1443,100,1,444.92
3626,1444,20,3,459.79
3627,1445,8,3,431.22
3628,1446,92,1,438.53
3629,1447,7,3,296.02
3630,1447,11,2,407.7
3631,1448,105,1,477.45
3632,1448,91,2,18.28
3633,1448,78,3,178.84
3634,1448,24,2,164.44
3635,1449,57,1,86.93
3636,1450,34,1,167.01
3637,1450,113,3,45.8
3638,1451,25,1,381.93
3639,1452,77,2,326.76
3640,1452,65,3,9.6
3641,1452,37,1,319.25
3642,1453,84,3,296.84
3643,1454,9,2,318.22
3644,1455,87,3,127.65
3645,1456,76,2,283.83
3646,1456,90,3,305.76
3647,1456,78,3,178.84
3648,1457,46,3,382.32
3649,1457,104,2,343.06
3650,1457,48,2,13.06
3651,1457,39,2,398.86
3652,1458,6,3,108.89
3653,1458,46,2,382.32
3654,1459,112,2,214.67
3655,1459,58,1,314.67
3656,1459,19,3,481.57
3657,1459,97,2,249.97
3658,1460,112,3,214.67
3659,1460,20,2,459.79
3660,1460,47,1,54.29
3661,1460,56,3,333.93
3662,1461,13,1,144.14
3663,1461,51,2,105.15
3664,1462,64,2,262.12
3665,1463,25,2,381.93
3666,1463,78,3,178.84
3667,1464,86,1,160.68
3668,1464,46,1,382.32
3669,1464,9,2,318.22
3670,1464,91,2,18.28
3671,1465,103,1,213.33
3672,1465,54,2,51.2
3673,1465,2,2,227.62
3674,1465,81,1,344.85
3675,1466,79,1,315.9
3676,1466,77,1,326.76
3677,1466,68,2,348.55
3678,1466,44,3,69.64
3679,1467,9,1,318.22
3680,1467,58,2,314.67
3681,1467,54,1,51.2
3682,1467,27,2,290.83
3683,1468,72,2,441.09
3684,1468,74,2,322.58
3685,1468,90,1,305.76
3686,1469,91,3,18.28
3687,1469,79,1,315.9
3688,1470,41,3,413.3
3689,1471,11,3,407.7
3690,1471,63,2,70.69
3691,1471,78,3,178.84
3692,1472,102,2,70.33
3693,1472,92,1,438.53
3694,1473,82,1,47.91
3695,1473,42,2,137.93
3696,1474,41,2,413.3
3697,1474,41,3,413.3
3698,1474,114,3,271.14
3699,1475,38,3,182.32
3700,1476,32,2,142.72
3701,1476,55,3,128.94
3702,1476,105,1,477.45
3703,1477,4,1,222.34
3704,1477,84,3,296.84
3705,1477,98,2,124.34
3706,1478,81,2,344.85
3707,1478,72,1,441.09
3708,1478,77,2,326.76
3709,1478,98,2,124.34
3710,1479,91,3,18.28
3711,1479,59,2,351.22
3712,1480,16,1,137.33
3713,1481,41,3,413.3
3714,1481,49,3,223.44
3715,1482,23,2,128.59
3716,1482,79,1,315.9
3717,1482,83,2,74.31
3718,1482,42,3,137.93
3719,1483,64,1,262.12
3720,1483,119,1,295.29
3721,1484,92,1,438.53
3722,1484,12,2,287.19
3723,1485,97,1,249.97
3724,1485,64,2,262.12
3725,1485,70,1,49.22
3726,1486,71,1,56.08
3727,1486,105,1,477.45
3728,1487,31,1,204.41
3729,1487,83,3,74.31
3730,1488,6,1,108.89
3731,1488,29,1,228.74
3732,1488,20,1,459.79
3733,1488,65,2,9.6
3734,1489,66,2,175.07
3735,1490,6,1,108.89
3736,1491,1,2,152.37
3737,1491,90,1,305.76
3738,1491,75,2,75.71
3739,1491,66,1,175.07
3740,1492,118,3,270.51
3741,1493,66,2,175.07
3742,1493,21,1,434.19
3743,1493,97,3,249.97
3744,1494,51,1,105.15
3745,1494,84,2,296.84
3746,1494,58,1,314.67
3747,1495,27,1,290.83
3748,1495,15,1,149.85
3749,1495,50,1,495.96
3750,1495,96,1,392.98
3751,1496,47,2,54.29
3752,1496,7,3,296.02
3753,1496,81,1,344.85
3754,1497,40,1,112.83
3755,1498,93,2,261.29
3756,1498,93,2,261.29
3757,1498,59,2,351.22
3758,1498,78,1,178.84
3759,1499,102,3,70.33
3760,1499,110,1,255.77
3761,1499,10,3,309.99
3762,1500,110,1,255.77
3763,1501,94,3,98.38
3764,1501,21,1,434.19
3765,1501,7,2,296.02
3766,1501,28,3,315.77
3767,1502,54,3,51.2
3768,1502,3,2,431.79
3769,1502,99,1,299.0
3770,1503,120,1,342.12
3771,1503,16,3,137.33
3772,1503,96,3,392.98
3773,1503,102,1,70.33
3774,1504,93,1,261.29
3775,1505,35,1,435.11
3776,1505,90,3,305.76
3777,1505,62,1,110.64
3778,1506,4,1,222.34
3779,1506,64,2,262.12
3780,1506,107,2,11.83
3781,1506,53,1,154.42
3782,1507,91,2,18.28
3783,1507,93,2,261.29
3784,1507,26,2,199.39
3785,1508,89,2,302.49
3786,1508,104,1,343.06
3787,1509,102,1,70.33
3788,1509,92,3,438.53
3789,1509,7,2,296.02
3790,1509,47,1,54.29
3791,1510,48,3,13.06
3792,1510,116,2,44.12
3793,1511,53,1,154.42
3794,1511,75,2,75.71
3795,1511,48,2,13.06
3796,1512,47,2,54.29
3797,1512,12,3,287.19
3798,1512,33,1,230.07
3799,1512,43,2,172.19
3800,1513,44,3,69.64
3801,1514,109,3,474.6
3802,1514,18,1,408.51
3803,1515,67,1,494.14
3804,1516,95,1,151.29
3805,1516,88,3,46.7
3806,1517,71,2,56.08
3807,1517,67,3,494.14
3808,1517,105,2,477.45
3809,1518,29,3,228.74
3810,1519,115,3,142.35
3811,1520,31,2,204.41
3812,1520,39,1,398.86
3813,1520,70,3,49.22
3814,1521,38,1,182.32
3815,1522,33,2,230.07
3816,1523,90,3,305.76
3817,1524,39,2,398.86
3818,1524,80,3,460.35
3819,1525,87,2,127.65
3820,1526,33,3,230.07
3821,1527,89,3,302.49
3822,1527,80,2,460.35
3823,1527,88,2,46.7
3824,1527,4,2,222.34
3825,1528,70,1,49.22
3826,1528,11,1,407.7
3827,1528,93,3,261.29
3828,1529,78,2,178.84
3829,1529,5,2,388.94
3830,1530,79,2,315.9
3831,1530,13,1,144.14
3832,1531,9,3,318.22
3833,1531,24,2,164.44
3834,1531,36,3,51.11
3835,1531,73,2,194.45
3836,1532,90,3,305.76
3837,1533,6,2,108.89
3838,1533,77,2,326.76
3839,1534,26,2,199.39
3840,1535,99,2,299.0
3841,1535,6,2,108.89
3842,1536,30,3,398.33
3843,1536,57,3,86.93
3844,1536,117,1,487.29
3845,1536,13,1,144.14
3846,1537,57,2,86.93
3847,1538,82,3,47.91
3848,1538,14,2,88.35
3849,1538,61,1,353.33
3850,1539,9,1,318.22
3851,1540,65,1,9.6
3852,1540,117,1,487.29
3853,1540,16,1,137.33
3854,1540,21,1,434.19
3855,1541,85,3,179.01
3856,1541,48,3,13.06
3857,1541,34,2,167.01
3858,1541,9,3,318.22
3859,1542,30,1,398.33
3860,1543,48,1,13.06
3861,1544,75,3,75.71
3862,1544,2,2,227.62
3863,1544,113,1,45.8
3864,1545,85,2,179.01
3865,1545,62,2,110.64
3866,1546,19,3,481.57
3867,1547,66,1,175.07
3868,1547,73,1,194.45
3869,1547,32,3,142.72
3870,1547,97,2,249.97
3871,1548,97,2,249.97
3872,1549,86,3,160.68
3873,1549,120,2,342.12
3874,1550,62,3,110.64
3875,1550,102,3,70.33
3876,1551,77,3,326.76
3877,1551,37,2,319.25
3878,1552,9,3,318.22
3879,1552,11,3,407.7
3880,1552,115,1,142.35
3881,1552,99,3,299.0
3882,1553,60,3,217.47
3883,1553,104,2,343.06
3884,1553,39,3,398.86
3885,1554,50,3,495.96
3886,1554,76,3,283.83
3887,1554,72,3,441.09
3888,1554,78,3,178.84
3889,1555,89,2,302.49
3890,1556,33,3,230.07
3891,1557,41,2,413.3
3892,1557,117,1,487.29
3893,1558,106,2,13.26
3894,1558,67,3,494.14
3895,1559,86,3,160.68
3896,1559,25,3,381.93
3897,1559,114,1,271.14
3898,1559,103,3,213.33
3899,1560,27,2,290.83
3900,1560,75,3,75.71
3901,1560,23,1,128.59
3902,1561,24,3,164.44
3903,1561,104,2,343.06
3904,1561,48,1,13.06
3905,1562,69,2,40.06
3906,1562,19,2,481.57
3907,1562,78,1,178.84
3908,1562,33,1,230.07
3909,1563,25,2,381.93
3910,1564,66,3,175.07
3911,1564,54,1,51.2
3912,1564,35,1,435.11
3913,1565,61,2,353.33
3914,1566,16,2,137.33
3915,1566,98,1,124.34
3916,1567,17,1,492.82
3917,1567,119,3,295.29
3918,1567,88,2,46.7
3919,1568,2,1,227.62
3920,1569,31,1,204.41
3921,1569,29,3,228.74
3922,1569,78,3,178.84
3923,1569,97,2,249.97
3924,1570,71,3,56.08
3925,1571,70,3,49.22
3926,1571,3,1,431.79
3927,1572,16,1,137.33
3928,1572,32,2,142.72
3929,1572,29,1,228.74
3930,1572,59,3,351.22
3931,1573,1,1,152.37
3932,1574,58,1,314.67
3933,1574,30,1,398.33
3934,1574,109,1,474.6
3935,1574,53,3,154.42
3936,1575,3,3,431.79
3937,1575,98,2,124.34
3938,1575,27,3,290.83
3939,1575,63,2,70.69
3940,1576,65,3,9.6
3941,1576,50,2,495.96
3942,1576,78,1,178.84
3943,1576,48,1,13.06
3944,1577,101,2,493.51
3945,1577,27,1,290.83
3946,1578,92,2,438.53
3947,1578,116,1,44.12
3948,1579,83,3,74.31
3949,1579,9,2,318.22
3950,1580,49,1,223.44
3951,1580,63,2,70.69
3952,1580,93,2,261.29
3953,1581,30,2,398.33
3954,1581,47,2,54.29
3955,1581,62,1,110.64
3956,1582,109,1,474.6
3957,1582,49,2,223.44
3958,1583,79,3,315.9
3959,1584,58,1,314.67
3960,1584,38,1,182.32
3961,1584,110,2,255.77
3962,1585,22,3,352.21
3963,1585,9,1,318.22
3964,1585,112,1,214.67
3965,1586,71,2,56.08
3966,1586,55,1,128.94
3967,1586,31,1,204.41
3968,1587,99,1,299.0
3969,1588,71,2,56.08
3970,1588,93,1,261.29
3971,1588,20,3,459.79
3972,1588,120,1,342.12
3973,1589,66,1,175.07
3974,1589,65,3,9.6
3975,1589,115,1,142.35
3976,1590,20,1,459.79
3977,1590,31,3,204.41
3978,1590,107,2,11.83
3979,1590,74,2,322.58
3980,1591,92,1,438.53
3981,1592,49,1,223.44
3982,1593,87,2,127.65
3983,1593,71,3,56.08
3984,1593,93,2,261.29
3985,1593,114,3,271.14
3986,1594,97,2,249.97
3987,1594,68,2,348.55
3988,1594,22,3,352.21
3989,1594,110,2,255.77
3990,1595,108,2,24.71
3991,1595,15,3,149.85
3992,1595,116,2,44.12
3993,1596,41,2,413.3
3994,1597,58,3,314.67
3995,1597,102,3,70.33
3996,1598,19,1,481.57
3997,1598,116,1,44.12
3998,1599,92,2,438.53
3999,1599,48,1,13.06
4000,1599,60,1,217.47
4001,1599,54,1,51.2
4002,1600,48,1,13.06
4003,1600,45,2,395.21
4004,1600,117,2,487.29
4005,1601,106,3,13.26
4006,1601,71,2,56.08
4007,1601,6,2,108.89
4008,1602,119,3,295.29
4009,1602,22,1,352.21
4010,1602,13,1,144.14
4011,1603,81,3,344.85
4012,1603,48,1,13.06
4013,1604,45,3,395.21
4014,1604,42,2,137.93
4015,1604,48,1,13.06
4016,1604,103,3,213.33
4017,1605,98,3,124.34
4018,1605,5,3,388.94
4019,1605,100,3,444.92
4020,1605,94,3,98.38
4021,1606,43,3,172.19
4022,1606,92,2,438.53
4023,1606,94,3,98.38
4024,1606,82,2,47.91
4025,1607,36,2,51.11
4026,1607,29,1,228.74
4027,1607,6,2,108.89
4028,1607,2,1,227.62
4029,1608,103,1,213.33
4030,1608,55,3,128.94
4031,1608,73,2,194.45
4032,1608,118,1,270.51
4033,1609,94,2,98.38
4034,1609,101,1,493.51
4035,1609,29,2,228.74
4036,1610,86,2,160.68
4037,1611,74,3,322.58
4038,1611,71,3,56.08
4039,1611,43,3,172.19
4040,1612,104,3,343.06
4041,1612,100,1,444.92
4042,1612,29,1,228.74
4043,1613,64,3,262.12
4044,1613,52,1,455.16
4045,1613,76,2,283.83
4046,1614,109,1,474.6
4047,1614,113,1,45.8
4048,1615,53,3,154.42
4049,1615,52,2,455.16
4050,1615,73,2,194.45
4051,1616,119,3,295.29
4052,1616,9,2,318.22
4053,1616,119,1,295.29
4054,1616,56,2,333.93
4055,1617,43,2,172.19
4056,1618,119,2,295.29
4057,1618,76,1,283.83
4058,1618,52,2,455.16
4059,1618,109,1,474.6
4060,1619,21,3,434.19
4061,1619,42,3,137.93
4062,1619,49,1,223.44
4063,1620,70,2,49.22
4064,1620,64,1,262.12
4065,1621,5,1,388.94
4066,1621,38,2,182.32
4067,1622,22,2,352.21
4068,1623,6,3,108.89
4069,1624,14,2,88.35
4070,1624,76,2,283.83
4071,1624,79,3,315.9
4072,1624,10,3,309.99
4073,1625,21,3,434.19
4074,1625,100,3,444.92
4075,1625,66,1,175.07
4076,1626,51,2,105.15
4077,1627,66,2,175.07
4078,1627,38,3,182.32
4079,1627,91,2,18.28
4080,1628,31,2,204.41
4081,1628,20,3,459.79
4082,1629,19,1,481.57
4083,1630,99,2,299.0
4084,1630,89,2,302.49
4085,1630,75,1,75.71
4086,1631,120,3,342.12
4087,1631,27,2,290.83
4088,1631,84,1,296.84
4089,1632,9,1,318.22
4090,1632,5,2,388.94
4091,1632,50,1,495.96
4092,1633,58,1,314.67
4093,1633,105,2,477.45
4094,1633,96,3,392.98
4095,1634,1,1,152.37
4096,1634,33,2,230.07
4097,1635,114,1,271.14
4098,1636,117,1,487.29
4099,1636,93,1,261.29
4100,1636,54,1,51.2
4101,1637,44,1,69.64
4102,1637,14,2,88.35
4103,1637,99,3,299.0
4104,1638,68,2,348.55
4105,1638,114,3,271.14
4106,1638,76,3,283.83
4107,1639,93,3,261.29
4108,1639,71,2,56.08
4109,1639,69,2,40.06
4110,1639,6,2,108.89
4111,1640,61,2,353.33
4112,1641,107,3,11.83
4113,1641,29,2,228.74
4114,1641,34,2,167.01
4115,1642,51,2,105.15
4116,1642,1,3,152.37
4117,1642,30,1,398.33
4118,1643,56,1,333.93
4119,1644,3,3,431.79
4120,1644,112,3,214.67
4121,1644,102,3,70.33
4122,1644,101,2,493.51
4123,1645,69,3,40.06
4124,1645,71,2,56.08
4125,1646,23,3,128.59
4126,1646,84,1,296.84
4127,1646,2,3,227.62
4128,1647,3,1,431.79
4129,1647,17,3,492.82
4130,1647,94,2,98.38
4131,1647,22,3,352.21
4132,1648,116,2,44.12
4133,1648,27,3,290.83
4134,1649,70,3,49.22
4135,1649,71,3,56.08
4136,1649,9,1,318.22
4137,1650,100,2,444.92
4138,1651,65,3,9.6
4139,1652,101,1,493.51
4140,1652,46,1,382.32
4141,1652,46,1,382.32
4142,1653,117,3,487.29
4143,1654,21,3,434.19
4144,1654,105,3,477.45
4145,1654,69,1,40.06
4146,1655,110,2,255.77
4147,1655,102,2,70.33
4148,1655,14,3,88.35
4149,1656,100,3,444.92
4150,1656,96,3,392.98
4151,1656,9,3,318.22
4152,1656,30,3,398.33
4153,1657,83,2,74.31
4154,1657,26,1,199.39
4155,1657,5,2,388.94
4156,1658,86,2,160.68
4157,1659,11,1,407.7
4158,1659,108,1,24.71
4159,1659,77,3,326.76
4160,1659,72,1,441.09
4161,1660,16,3,137.33
4162,1660,104,1,343.06
4163,1660,101,3,493.51
4164,1661,38,1,182.32
4165,1661,110,1,255.77
4166,1661,8,2,431.22
4167,1661,86,1,160.68
4168,1662,109,2,474.6
4169,1662,10,3,309.99
4170,1662,47,1,54.29
4171,1663,4,2,222.34
4172,1664,120,3,342.12
4173,1664,78,3,178.84
4174,1665,99,2,299.0
4175,1665,41,1,413.3
4176,1665,24,3,164.44
4177,1666,36,2,51.11
4178,1667,117,3,487.29
4179,1667,85,2,179.01
4180,1667,13,2,144.14
4181,1668,35,3,435.11
4182,1668,7,1,296.02
4183,1668,9,1,318.22
4184,1669,61,2,353.33
4185,1670,76,3,283.83
4186,1670,115,1,142.35
4187,1671,81,1,344.85
4188,1672,95,3,151.29
4189,1672,66,1,175.07
4190,1673,74,3,322.58
4191,1673,100,1,444.92
4192,1673,64,3,262.12
4193,1674,25,3,381.93
4194,1674,38,2,182.32
4195,1674,18,2,408.51
4196,1674,76,2,283.83
4197,1675,91,2,18.28
4198,1676,15,2,149.85
4199,1677,105,3,477.45
4200,1677,75,1,75.71
4201,1678,32,3,142.72
4202,1678,6,3,108.89
4203,1679,36,1,51.11
4204,1679,74,1,322.58
4205,1680,14,2,88.35
4206,1680,27,2,290.83
4207,1680,19,1,481.57
4208,1680,93,3,261.29
4209,1681,85,3,179.01
4210,1681,88,2,46.7
4211,1681,57,3,86.93
4212,1681,26,3,199.39
4213,1682,112,3,214.67
4214,1682,110,3,255.77
4215,1683,7,2,296.02
4216,1683,1,2,152.37
4217,1683,60,1,217.47
4218,1683,8,1,431.22
4219,1684,15,2,149.85
4220,1684,19,2,481.57
4221,1684,36,1,51.11
4222,1684,55,1,128.94
4223,1685,45,2,395.21
4224,1685,83,1,74.31
4225,1685,58,1,314.67
4226,1685,89,2,302.49
4227,1686,29,2,228.74
4228,1686,116,1,44.12
4229,1686,3,1,431.79
4230,1686,83,2,74.31
4231,1687,15,2,149.85
4232,1687,93,2,261.29
4233,1688,111,3,357.75
4234,1688,67,2,494.14
4235,1688,96,2,392.98
4236,1689,116,2,44.12
4237,1689,33,1,230.07
4238,1690,81,2,344.85
4239,1690,68,1,348.55
4240,1691,73,2,194.45
4241,1691,1,2,152.37
4242,1691,25,1,381.93
4243,1691,14,3,88.35
4244,1692,76,1,283.83
4245,1692,81,2,344.85
4246,1692,86,3,160.68
4247,1693,61,3,353.33
4248,1693,26,1,199.39
4249,1693,42,1,137.93
4250,1693,110,2,255.77
4251,1694,64,1,262.12
4252,1694,56,3,333.93
4253,1694,3,3,431.79
4254,1695,53,1,154.42
4255,1695,27,2,290.83
4256,1696,92,1,438.53
4257,1696,29,3,228.74
4258,1696,28,1,315.77
4259,1696,48,1,13.06
4260,1697,16,2,137.33
4261,1697,83,3,74.31
4262,1697,114,2,271.14
4263,1697,115,1,142.35
4264,1698,12,2,287.19
4265,1699,61,3,353.33
4266,1700,105,1,477.45
4267,1700,102,2,70.33
4268,1700,114,2,271.14
4269,1700,13,1,144.14
4270,1701,1,2,152.37
4271,1701,90,2,305.76
4272,1701,120,2,342.12
4273,1702,95,1,151.29
4274,1703,23,1,128.59
4275,1703,30,3,398.33
4276,1704,17,2,492.82
4277,1704,59,1,351.22
4278,1705,16,3,137.33
4279,1706,20,3,459.79
4280,1706,9,1,318.22
4281,1706,61,2,353.33
4282,1706,1,1,152.37
4283,1707,14,1,88.35
4284,1707,98,1,124.34
4285,1707,28,1,315.77
4286,1707,20,2,459.79
4287,1708,92,3,438.53
4288,1708,92,3,438.53
4289,1708,114,3,271.14
4290,1709,21,3,434.19
4291,1709,69,3,40.06
4292,1709,73,1,194.45
4293,1709,58,2,314.67
4294,1710,34,3,167.01
4295,1710,28,3,315.77
4296,1710,103,1,213.33
4297,1711,119,1,295.29
4298,1711,112,3,214.67
4299,1711,15,3,149.85
4300,1711,17,1,492.82
4301,1712,51,3,105.15
4302,1712,75,3,75.71
4303,1712,95,1,151.29
4304,1712,7,3,296.02
4305,1713,117,1,487.29
4306,1713,66,3,175.07
4307,1714,44,3,69.64
4308,1715,71,1,56.08
4309,1715,106,1,13.26
4310,1715,6,2,108.89
4311,1716,67,1,494.14
4312,1717,95,2,151.29
4313,1718,4,1,222.34
4314,1718,98,1,124.34
4315,1718,100,1,444.92
4316,1719,22,3,352.21
4317,1719,104,3,343.06
4318,1719,75,1,75.71
4319,1720,57,3,86.93
4320,1721,93,1,261.29
4321,1722,97,2,249.97
4322,1722,34,1,167.01
4323,1722,11,3,407.7
4324,1723,37,2,319.25
4325,1723,67,1,494.14
4326,1723,20,1,459.79
4327,1723,106,2,13.26
4328,1724,61,1,353.33
4329,1724,65,2,9.6
4330,1724,60,1,217.47
4331,1724,6,3,108.89
4332,1725,49,2,223.44
4333,1725,82,2,47.91
4334,1726,52,2,455.16
4335,1726,73,1,194.45
4336,1727,42,2,137.93
4337,1727,85,1,179.01
4338,1728,94,1,98.38
4339,1728,71,3,56.08
4340,1728,6,3,108.89
4341,1728,61,1,353.33
4342,1729,80,2,460.35
4343,1729,101,1,493.51
4344,1729,99,3,299.0
4345,1729,100,3,444.92
4346,1730,35,1,435.11
4347,1731,114,3,271.14
4348,1732,71,2,56.08
4349,1732,64,1,262.12
4350,1733,52,2,455.16
4351,1734,90,2,305.76
4352,1734,80,3,460.35
4353,1735,53,2,154.42
4354,1735,21,1,434.19
4355,1735,32,2,142.72
4356,1736,14,2,88.35
4357,1736,100,2,444.92
4358,1737,81,2,344.85
4359,1737,21,2,434.19
4360,1737,97,2,249.97
4361,1738,93,3,261.29
4362,1738,48,2,13.06
4363,1739,111,3,357.75
4364,1739,3,3,431.79
4365,1740,102,2,70.33
4366,1740,111,2,357.75
4367,1740,66,3,175.07
4368,1740,105,3,477.45
4369,1741,31,3,204.41
4370,1741,90,3,305.76
4371,1741,67,1,494.14
4372,1742,87,3,127.65
4373,1743,31,1,204.41
4374,1743,118,1,270.51
4375,1743,27,2,290.83
4376,1744,114,3,271.14
4377,1744,16,2,137.33
4378,1744,94,1,98.38
4379,1745,68,2,348.55
4380,1745,93,1,261.29
4381,1745,70,1,49.22
4382,1745,78,1,178.84
4383,1746,28,1,315.77
4384,1746,52,3,455.16
4385,1746,42,1,137.93
4386,1746,6,2,108.89
4387,1747,98,2,124.34
4388,1747,50,1,495.96
4389,1747,60,3,217.47
4390,1747,110,2,255.77
4391,1748,117,1,487.29
4392,1749,43,2,172.19
4393,1750,32,3,142.72
4394,1751,94,2,98.38
4395,1751,106,3,13.26
4396,1751,16,3,137.33
4397,1752,48,3,13.06
4398,1752,102,2,70.33
4399,1752,18,1,408.51
4400,1752,10,2,309.99
4401,1753,14,3,88.35
4402,1753,38,1,182.32
4403,1753,30,2,398.33
4404,1754,97,2,249.97
4405,1754,25,1,381.93
4406,1755,10,1,309.99
4407,1755,58,2,314.67
4408,1756,33,1,230.07
4409,1757,96,1,392.98
4410,1757,107,2,11.83
4411,1757,81,1,344.85
4412,1757,100,2,444.92
4413,1758,102,3,70.33
4414,1758,6,3,108.89
4415,1758,89,1,302.49
4416,1758,15,3,149.85
4417,1759,112,1,214.67
4418,1759,67,1,494.14
4419,1760,105,1,477.45
4420,1761,42,3,137.93
4421,1762,115,2,142.35
4422,1762,46,1,382.32
4423,1762,105,2,477.45
4424,1763,63,3,70.69
4425,1764,68,2,348.55
4426,1764,38,3,182.32
4427,1765,102,3,70.33
4428,1766,62,3,110.64
4429,1766,117,3,487.29
4430,1767,30,3,398.33
4431,1767,48,3,13.06
4432,1768,89,3,302.49
4433,1768,3,3,431.79
4434,1768,106,1,13.26
4435,1768,65,2,9.6
4436,1769,37,3,319.25
4437,1769,24,1,164.44
4438,1769,92,2,438.53
4439,1770,99,3,299.0
4440,1770,74,2,322.58
4441,1770,112,3,214.67
4442,1770,38,3,182.32
4443,1771,114,3,271.14
4444,1772,82,3,47.91
4445,1772,32,1,142.72
4446,1772,43,3,172.19
4447,1772,14,2,88.35
4448,1773,23,1,128.59
4449,1773,14,1,88.35
4450,1774,73,3,194.45
4451,1774,8,2,431.22
4452,1774,80,3,460.35
4453,1774,3,3,431.79
4454,1775,98,2,124.34
4455,1775,115,1,142.35
4456,1775,83,2,74.31
4457,1775,23,3,128.59
4458,1776,42,3,137.93
4459,1776,85,3,179.01
4460,1777,85,3,179.01
4461,1777,97,1,249.97
4462,1778,19,3,481.57
4463,1779,71,1,56.08
4464,1780,56,3,333.93
4465,1780,35,1,435.11
4466,1781,53,3,154.42
4467,1781,10,1,309.99
4468,1781,2,3,227.62
4469,1782,104,3,343.06
4470,1782,41,3,413.3
4471,1783,52,3,455.16
4472,1783,20,1,459.79
4473,1783,76,2,283.83
4474,1784,107,1,11.83
4475,1785,77,2,326.76
4476,1785,117,2,487.29
4477,1785,9,1,318.22
4478,1785,15,2,149.85
4479,1786,105,3,477.45
4480,1786,43,1,172.19
4481,1787,79,3,315.9
4482,1788,110,3,255.77
4483,1789,111,3,357.75
4484,1789,67,1,494.14
4485,1790,7,3,296.02
4486,1790,48,1,13.06
4487,1791,57,3,86.93
4488,1791,37,2,319.25
4489,1791,21,1,434.19
4490,1791,92,2,438.53
4491,1792,77,1,326.76
4492,1792,45,1,395.21
4493,1793,119,1,295.29
4494,1793,21,3,434.19
4495,1793,90,3,305.76
4496,1793,9,2,318.22
4497,1794,9,1,318.22
4498,1794,26,1,199.39
4499,1794,59,1,351.22
4500,1795,26,2,199.39
4501,1795,118,2,270.51
4502,1796,2,1,227.62
4503,1796,109,1,474.6
4504,1796,87,1,127.65
4505,1796,11,3,407.7
4506,1797,97,2,249.97
4507,1797,31,3,204.41
4508,1798,49,1,223.44
4509,1798,25,1,381.93
4510,1798,58,1,314.67
4511,1799,93,1,261.29
4512,1800,38,3,182.32
4513,1800,6,1,108.89
4514,1800,56,2,333.93
4515,1800,37,1,319.25
