payment_id,order_id,payment_method,amount,payment_status
1,1,Card,1005.6,Pending
2,2,PayPal,338.49,Pending
3,3,Apple Pay,868.38,Paid
4,4,Card,799.02,Paid
5,5,Card,1817.32,Pending
6,6,PayPal,2334.17,Pending
7,7,Bank Transfer,1194.99,Pending
8,8,PayPal,326.36,Paid
9,9,Card,2381.05,Pending
10,10,Bank Transfer,128.59,Paid
11,11,Card,1855.43,Paid
12,12,Google Pay,778.49,Paid
13,13,Bank Transfer,527.08,Paid
14,14,Card,1324.19,Paid
15,15,Bank Transfer,1675.4,Paid
16,16,Card,574.11,Paid
17,17,Apple Pay,1512.43,Paid
18,18,Card,1535.52,Paid
19,19,Google Pay,968.48,Paid
20,20,Apple Pay,287.19,Paid
21,21,PayPal,631.54,Pending
22,22,PayPal,2001.23,Paid
23,23,Card,376.63,Pending
24,24,Card,437.96,Paid
25,25,PayPal,431.79,Paid
26,26,Card,88.24,Paid
27,27,Google Pay,1887.66,Paid
28,28,Card,989.84,Pending
29,29,Bank Transfer,672.86,Pending
30,30,PayPal,770.09,Paid
31,31,Bank Transfer,3529.24,Paid
32,32,Card,771.44,Paid
33,33,PayPal,1439.47,Pending
34,34,PayPal,1027.48,Paid
35,35,Bank Transfer,2740.41,Paid
36,36,PayPal,147.86,Pending
37,37,PayPal,1194.99,Paid
38,38,PayPal,516.57,Pending
39,39,Card,1894.21,Paid
40,40,Apple Pay,658.57,Paid
41,41,Bank Transfer,891.2,Paid
42,42,Apple Pay,742.02,Pending
43,43,PayPal,2981.95,Paid
44,44,Card,2178.24,Paid
45,45,Card,1838.98,Paid
46,46,Apple Pay,1378.51,Paid
47,47,Card,2914.46,Paid
48,48,PayPal,700.27,Paid
49,49,Bank Transfer,208.92,Pending
50,50,PayPal,1376.99,Paid
51,51,Google Pay,901.02,Pending
52,52,Card,896.78,Pending
53,53,Google Pay,1660.68,Pending
54,54,Apple Pay,1097.97,Pending
55,55,Bank Transfer,608.07,Paid
56,56,Bank Transfer,321.36,Paid
57,57,Bank Transfer,49.42,Paid
58,58,Card,1522.06,Pending
59,59,PayPal,403.25,Pending
60,60,Apple Pay,3041.52,Paid
61,61,Card,2494.16,Paid
62,62,Card,1418.55,Pending
63,63,Bank Transfer,1019.3,Paid
64,64,Bank Transfer,1546.93,Paid
65,65,PayPal,210.3,Pending
66,66,Google Pay,2044.14,Paid
67,67,Apple Pay,1602.98,Paid
68,68,PayPal,763.86,Pending
69,69,Bank Transfer,824.77,Pending
70,70,PayPal,128.59,Pending
71,71,Bank Transfer,739.06,Paid
72,72,Google Pay,408.82,Paid
73,73,Card,3689.23,Paid
74,74,PayPal,1302.57,Pending
75,75,Card,1768.59,Paid
76,76,PayPal,401.07,Pending
77,77,PayPal,1471.86,Paid
78,78,Bank Transfer,2214.11,Pending
79,79,Apple Pay,110.64,Paid
80,80,PayPal,2215.48,Paid
81,81,Apple Pay,1259.69,Paid
82,82,PayPal,909.92,Pending
83,83,Bank Transfer,567.93,Pending
84,84,Apple Pay,3133.01,Paid
85,85,Apple Pay,1217.96,Paid
86,86,Bank Transfer,2128.31,Paid
87,87,Google Pay,644.01,Paid
88,88,PayPal,214.67,Pending
89,89,PayPal,2342.21,Pending
90,90,PayPal,629.34,Paid
91,91,Google Pay,3231.64,Paid
92,92,Apple Pay,40.06,Paid
93,93,PayPal,1752.48,Pending
94,94,PayPal,2548.36,Paid
95,95,Google Pay,3233.18,Paid
96,96,PayPal,2204.75,Paid
97,97,Card,1590.25,Pending
98,98,Card,326.76,Paid
99,99,Google Pay,102.4,Paid
100,100,Google Pay,1773.59,Paid
101,101,Bank Transfer,1738.01,Pending
102,102,Apple Pay,590.81,Paid
103,103,Apple Pay,1376.09,Paid
104,104,Bank Transfer,487.29,Paid
105,105,Card,1334.76,Paid
106,106,Card,1036.46,Paid
107,107,Card,1140.76,Paid
108,108,Bank Transfer,629.08,Paid
109,109,Google Pay,1777.2,Paid
110,110,Card,1067.13,Pending
111,111,Bank Transfer,1835.49,Pending
112,112,Apple Pay,1564.09,Paid
113,113,Bank Transfer,1803.78,Pending
114,114,Bank Transfer,2138.67,Paid
115,115,Apple Pay,1484.12,Paid
116,116,PayPal,615.12,Pending
117,117,Card,2657.32,Pending
118,118,Card,1323.27,Pending
119,119,Google Pay,2145.03,Pending
120,120,Bank Transfer,1465.77,Paid
121,121,Apple Pay,890.89,Paid
122,122,Google Pay,108.89,Paid
123,123,PayPal,1382.07,Paid
124,124,Card,499.94,Paid
125,125,Google Pay,598.0,Pending
126,126,Card,1307.77,Pending
127,127,PayPal,2624.03,Pending
128,128,PayPal,984.33,Pending
129,129,Bank Transfer,1668.21,Paid
130,130,PayPal,2686.8,Pending
131,131,Bank Transfer,2586.83,Paid
132,132,Bank Transfer,248.68,Paid
133,133,Bank Transfer,1791.56,Pending
134,134,Apple Pay,1319.28,Pending
135,135,PayPal,629.69,Paid
136,136,Bank Transfer,1720.68,Paid
137,137,Apple Pay,2491.43,Pending
138,138,Apple Pay,1039.34,Paid
139,139,Google Pay,2098.62,Pending
140,140,Google Pay,560.84,Paid
141,141,Google Pay,948.98,Paid
142,142,Bank Transfer,917.34,Paid
143,143,Bank Transfer,2398.61,Pending
144,144,Apple Pay,1269.17,Paid
145,145,Bank Transfer,1447.01,Paid
146,146,PayPal,1394.73,Paid
147,147,Bank Transfer,1729.34,Paid
148,148,Card,1556.58,Pending
149,149,PayPal,344.85,Pending
150,150,Google Pay,1057.21,Paid
151,151,Apple Pay,1053.66,Paid
152,152,Bank Transfer,257.18,Paid
153,153,Apple Pay,2163.17,Paid
154,154,Bank Transfer,222.93,Paid
155,155,Card,1146.96,Paid
156,156,Google Pay,638.5,Paid
157,157,Apple Pay,2528.26,Paid
158,158,Card,1808.44,Paid
159,159,Apple Pay,2261.94,Pending
160,160,Apple Pay,1120.41,Pending
161,161,Google Pay,1423.8,Paid
162,162,Bank Transfer,988.92,Paid
163,163,Apple Pay,686.45,Paid
164,164,Bank Transfer,1015.97,Paid
165,165,PayPal,1119.8,Pending
166,166,Google Pay,1471.71,Pending
167,167,Card,523.35,Paid
168,168,Card,1314.45,Pending
169,169,Bank Transfer,1432.35,Paid
170,170,Bank Transfer,112.16,Paid
171,171,PayPal,728.96,Paid
172,172,Bank Transfer,210.3,Pending
173,173,PayPal,1566.93,Paid
174,174,Card,675.15,Pending
175,175,PayPal,334.02,Paid
176,176,Card,1578.74,Paid
177,177,PayPal,684.18,Paid
178,178,Google Pay,1982.12,Pending
179,179,Card,1909.7,Pending
180,180,Apple Pay,923.54,Pending
181,181,PayPal,601.4,Paid
182,182,Card,798.39,Paid
183,183,Bank Transfer,1400.6,Paid
184,184,Card,2263.85,Paid
185,185,Bank Transfer,631.54,Paid
186,186,Bank Transfer,350.42,Paid
187,187,Bank Transfer,1740.61,Pending
188,188,Google Pay,2255.73,Paid
189,189,Bank Transfer,1386.75,Paid
190,190,Google Pay,787.64,Paid
191,191,Google Pay,917.28,Paid
192,192,Google Pay,2635.94,Pending
193,193,Bank Transfer,1445.04,Pending
194,194,Card,54.84,Paid
195,195,PayPal,670.32,Paid
196,196,Apple Pay,626.59,Pending
197,197,Google Pay,975.17,Pending
198,198,Apple Pay,921.36,Pending
199,199,PayPal,2127.25,Paid
200,200,Card,2714.81,Pending
201,201,Google Pay,13.26,Paid
202,202,Apple Pay,167.01,Paid
203,203,Card,3935.81,Paid
204,204,Card,2997.03,Pending
205,205,Apple Pay,443.55,Pending
206,206,Apple Pay,1464.22,Paid
207,207,Card,948.01,Pending
208,208,Google Pay,2240.5,Paid
209,209,Card,728.31,Paid
210,210,Apple Pay,639.99,Paid
211,211,Google Pay,2170.74,Paid
212,212,Google Pay,167.01,Pending
213,213,Apple Pay,2474.12,Paid
214,214,Google Pay,1681.56,Paid
215,215,PayPal,1326.38,Paid
216,216,Bank Transfer,410.16,Paid
217,217,Google Pay,270.51,Paid
218,218,Apple Pay,949.2,Pending
219,219,PayPal,545.93,Pending
220,220,PayPal,3362.41,Paid
221,221,Card,2265.49,Pending
222,222,Bank Transfer,1530.55,Pending
223,223,Apple Pay,891.06,Paid
224,224,Apple Pay,1366.07,Pending
225,225,PayPal,2102.02,Pending
226,226,Card,3108.01,Paid
227,227,Google Pay,631.54,Paid
228,228,Apple Pay,1379.07,Pending
229,229,Bank Transfer,1790.59,Paid
230,230,Google Pay,909.69,Paid
231,231,Google Pay,310.49,Pending
232,232,Apple Pay,1778.54,Pending
233,233,Google Pay,3927.28,Pending
234,234,Card,456.4,Paid
235,235,Google Pay,144.14,Pending
236,236,Google Pay,2208.7,Paid
237,237,Card,1102.16,Paid
238,238,Bank Transfer,2052.15,Paid
239,239,Bank Transfer,1905.15,Pending
240,240,Google Pay,1704.83,Pending
241,241,Apple Pay,1641.34,Pending
242,242,Google Pay,604.98,Pending
243,243,PayPal,509.25,Pending
244,244,PayPal,1630.59,Pending
245,245,Apple Pay,2511.6,Pending
246,246,Apple Pay,574.63,Pending
247,247,Card,3421.68,Pending
248,248,PayPal,638.5,Paid
249,249,PayPal,742.43,Paid
250,250,Card,528.78,Paid
251,251,Card,1415.87,Paid
252,252,Bank Transfer,2169.76,Pending
253,253,Bank Transfer,2178.59,Pending
254,254,PayPal,1838.99,Paid
255,255,Google Pay,443.99,Pending
256,256,Google Pay,2268.77,Paid
257,257,PayPal,2604.54,Pending
258,258,Apple Pay,1310.59,Paid
259,259,Google Pay,2220.17,Paid
260,260,Apple Pay,2626.29,Pending
261,261,Google Pay,348.55,Paid
262,262,PayPal,1705.18,Pending
263,263,Bank Transfer,1368.45,Paid
264,264,Apple Pay,3378.13,Pending
265,265,PayPal,108.89,Pending
266,266,Bank Transfer,2055.39,Paid
267,267,Card,1716.79,Pending
268,268,Card,652.41,Pending
269,269,Card,2809.98,Pending
270,270,PayPal,926.56,Paid
271,271,PayPal,1473.81,Paid
272,272,Bank Transfer,897.0,Pending
273,273,PayPal,754.71,Pending
274,274,Google Pay,1149.6,Pending
275,275,Bank Transfer,1214.89,Paid
276,276,PayPal,2619.56,Pending
277,277,Apple Pay,1926.91,Paid
278,278,PayPal,846.58,Pending
279,279,Card,1482.78,Paid
280,280,Google Pay,620.96,Pending
281,281,Apple Pay,980.28,Pending
282,282,Apple Pay,444.92,Pending
283,283,Bank Transfer,214.67,Pending
284,284,Card,338.49,Pending
285,285,PayPal,719.55,Pending
286,286,Google Pay,2672.7,Pending
287,287,Card,1059.99,Paid
288,288,Google Pay,1365.48,Paid
289,289,Bank Transfer,2071.16,Paid
290,290,Apple Pay,870.22,Paid
291,291,Google Pay,321.36,Paid
292,292,PayPal,2080.47,Paid
293,293,PayPal,382.22,Pending
294,294,Card,449.55,Paid
295,295,Google Pay,983.39,Paid
296,296,Bank Transfer,1860.77,Paid
297,297,Bank Transfer,670.32,Paid
298,298,Bank Transfer,319.25,Paid
299,299,Apple Pay,636.44,Pending
300,300,Google Pay,863.58,Paid
301,301,Google Pay,88.24,Pending
302,302,Card,1651.83,Paid
303,303,Apple Pay,1094.02,Pending
304,304,Google Pay,1354.04,Paid
305,305,PayPal,1204.28,Paid
306,306,Google Pay,373.78,Pending
307,307,PayPal,2294.9,Paid
308,308,PayPal,1224.45,Pending
309,309,PayPal,328.88,Pending
310,310,Apple Pay,2622.35,Paid
311,311,Bank Transfer,537.46,Paid
312,312,Card,1521.75,Pending
313,313,Apple Pay,1088.79,Pending
314,314,Apple Pay,1692.66,Pending
315,315,Bank Transfer,908.8,Paid
316,316,Google Pay,1510.46,Paid
317,317,Google Pay,494.14,Pending
318,318,Apple Pay,2811.91,Paid
319,319,Bank Transfer,791.25,Paid
320,320,Card,783.87,Pending
321,321,Card,486.16,Pending
322,322,Apple Pay,665.98,Pending
323,323,Google Pay,287.19,Paid
324,324,PayPal,1504.8,Paid
325,325,Card,600.44,Paid
326,326,Bank Transfer,1365.7,Paid
327,327,Bank Transfer,1122.85,Pending
328,328,Apple Pay,1356.98,Pending
329,329,Apple Pay,777.59,Pending
330,330,PayPal,519.41,Paid
331,331,Card,1205.08,Pending
332,332,Bank Transfer,1010.83,Paid
333,333,Apple Pay,1127.49,Pending
334,334,Card,621.66,Pending
335,335,Bank Transfer,331.92,Pending
336,336,Bank Transfer,1851.09,Pending
337,337,Card,2452.85,Pending
338,338,Bank Transfer,151.29,Pending
339,339,PayPal,2530.58,Paid
340,340,Bank Transfer,225.66,Paid
341,341,Apple Pay,93.4,Paid
342,342,PayPal,11.83,Pending
343,343,Bank Transfer,1087.98,Pending
344,344,Apple Pay,35.49,Pending
345,345,Apple Pay,872.49,Paid
346,346,PayPal,1198.54,Paid
347,347,Apple Pay,1042.26,Pending
348,348,PayPal,669.96,Paid
349,349,PayPal,13.06,Paid
350,350,Bank Transfer,426.66,Pending
351,351,PayPal,1042.15,Paid
352,352,Card,1718.37,Pending
353,353,Apple Pay,1482.42,Paid
354,354,Apple Pay,901.79,Paid
355,355,PayPal,435.11,Pending
356,356,Apple Pay,872.49,Paid
357,357,PayPal,359.14,Paid
358,358,Card,839.14,Pending
359,359,PayPal,257.88,Paid
360,360,Bank Transfer,2650.5,Pending
361,361,Google Pay,1079.04,Pending
362,362,Apple Pay,2282.21,Pending
363,363,Card,636.44,Pending
364,364,PayPal,1175.02,Pending
365,365,Card,413.79,Pending
366,366,Google Pay,2477.43,Pending
367,367,Card,1727.99,Paid
368,368,Google Pay,851.49,Pending
369,369,Google Pay,1179.2,Paid
370,370,Bank Transfer,315.77,Paid
371,371,Bank Transfer,1308.65,Paid
372,372,Apple Pay,1289.98,Paid
373,373,Google Pay,947.7,Paid
374,374,Apple Pay,483.22,Paid
375,375,Apple Pay,1569.45,Paid
376,376,Bank Transfer,2614.79,Pending
377,377,Card,1450.57,Pending
378,378,PayPal,880.6,Paid
379,379,Google Pay,2298.74,Pending
380,380,Google Pay,1072.67,Pending
381,381,Bank Transfer,1497.36,Pending
382,382,Card,151.42,Paid
383,383,Card,3323.74,Paid
384,384,Google Pay,444.2,Pending
385,385,Card,711.38,Pending
386,386,Card,3410.28,Paid
387,387,Card,638.5,Pending
388,388,Card,964.09,Paid
389,389,Apple Pay,371.08,Paid
390,390,Apple Pay,997.74,Pending
391,391,Google Pay,549.36,Pending
392,392,Card,1069.25,Pending
393,393,Google Pay,704.42,Paid
394,394,Google Pay,706.88,Pending
395,395,Card,2956.04,Pending
396,396,Apple Pay,2238.73,Paid
397,397,Bank Transfer,1868.95,Pending
398,398,Card,195.56,Paid
399,399,Apple Pay,93.4,Pending
400,400,Card,849.29,Paid
401,401,Card,18.28,Paid
402,402,Apple Pay,448.11,Pending
403,403,Apple Pay,2694.05,Paid
404,404,Apple Pay,446.88,Paid
405,405,Bank Transfer,157.62,Paid
406,406,Google Pay,1444.71,Pending
407,407,Apple Pay,2243.14,Paid
408,408,Google Pay,1042.89,Pending
409,409,Google Pay,1667.07,Paid
410,410,Card,909.72,Pending
411,411,Card,1583.11,Paid
412,412,Apple Pay,49.42,Paid
413,413,PayPal,1487.88,Paid
414,414,Apple Pay,1034.55,Pending
415,415,Bank Transfer,790.44,Pending
416,416,Apple Pay,210.99,Pending
417,417,Card,777.88,Pending
418,418,Bank Transfer,947.31,Pending
419,419,Card,852.2,Pending
420,420,PayPal,2980.86,Paid
421,421,PayPal,1053.66,Paid
422,422,Bank Transfer,786.36,Paid
423,423,Bank Transfer,742.25,Paid
424,424,Apple Pay,283.83,Paid
425,425,Apple Pay,1556.57,Paid
426,426,Card,994.76,Pending
427,427,Card,1271.28,Pending
428,428,PayPal,1142.21,Pending
429,429,Google Pay,1169.44,Paid
430,430,Bank Transfer,874.22,Paid
431,431,Apple Pay,831.42,Paid
432,432,PayPal,355.52,Paid
433,433,Google Pay,1503.68,Paid
434,434,Card,646.26,Paid
435,435,PayPal,1514.84,Pending
436,436,Google Pay,613.23,Paid
437,437,Google Pay,1059.99,Paid
438,438,Google Pay,1237.09,Paid
439,439,Apple Pay,1124.81,Pending
440,440,Card,51.11,Pending
441,441,Bank Transfer,706.16,Pending
442,442,Card,1223.51,Pending
443,443,Apple Pay,617.08,Pending
444,444,Bank Transfer,351.57,Paid
445,445,Bank Transfer,2843.76,Paid
446,446,Google Pay,2642.66,Paid
447,447,Apple Pay,1232.34,Paid
448,448,PayPal,702.44,Pending
449,449,Card,1201.65,Paid
450,450,Apple Pay,364.64,Paid
451,451,Apple Pay,2703.63,Pending
452,452,Apple Pay,299.7,Paid
453,453,Bank Transfer,295.5,Paid
454,454,Bank Transfer,1394.7,Paid
455,455,Card,1051.32,Paid
456,456,Bank Transfer,1740.79,Paid
457,457,Card,1706.34,Pending
458,458,PayPal,1463.96,Paid
459,459,Bank Transfer,364.64,Paid
460,460,PayPal,835.64,Paid
461,461,Bank Transfer,2241.03,Paid
462,462,PayPal,1183.57,Pending
463,463,Apple Pay,963.14,Paid
464,464,PayPal,1634.84,Pending
465,465,Bank Transfer,422.19,Paid
466,466,Apple Pay,2654.53,Paid
467,467,PayPal,1176.99,Paid
468,468,Bank Transfer,453.87,Paid
469,469,Google Pay,1835.28,Paid
470,470,Google Pay,1438.56,Paid
471,471,Bank Transfer,1942.35,Pending
472,472,Card,511.91,Paid
473,473,PayPal,3178.66,Paid
474,474,Card,2385.99,Paid
475,475,PayPal,1829.89,Pending
476,476,Apple Pay,1641.65,Paid
477,477,Apple Pay,304.74,Pending
478,478,Apple Pay,527.86,Pending
479,479,Google Pay,2156.48,Paid
480,480,Google Pay,477.75,Paid
481,481,Apple Pay,2015.7,Paid
482,482,Google Pay,969.66,Pending
483,483,PayPal,949.2,Paid
484,484,Apple Pay,1903.62,Paid
485,485,Bank Transfer,364.64,Paid
486,486,Bank Transfer,1061.44,Pending
487,487,Apple Pay,1771.77,Paid
488,488,Apple Pay,1229.16,Pending
489,489,PayPal,1467.72,Paid
490,490,Card,102.4,Pending
491,491,Bank Transfer,3025.84,Paid
492,492,PayPal,392.98,Paid
493,493,Card,403.66,Paid
494,494,Google Pay,863.58,Paid
495,495,Bank Transfer,210.99,Paid
496,496,Card,974.58,Pending
497,497,Bank Transfer,493.51,Paid
498,498,PayPal,543.7,Paid
499,499,Bank Transfer,2953.23,Paid
500,500,PayPal,348.55,Paid
501,501,PayPal,261.29,Pending
502,502,PayPal,1373.81,Pending
503,503,Apple Pay,329.49,Pending
504,504,Bank Transfer,560.8,Paid
505,505,Apple Pay,2307.7,Paid
506,506,PayPal,1286.57,Paid
507,507,Bank Transfer,210.3,Pending
508,508,Google Pay,963.14,Paid
509,509,PayPal,1035.22,Paid
510,510,Apple Pay,572.0,Paid
511,511,Bank Transfer,2720.22,Pending
512,512,Google Pay,1511.63,Pending
513,513,Card,432.42,Paid
514,514,PayPal,925.62,Paid
515,515,Bank Transfer,124.34,Pending
516,516,Apple Pay,1071.12,Paid
517,517,Google Pay,333.93,Paid
518,518,PayPal,2778.93,Pending
519,519,Google Pay,1531.1,Paid
520,520,Google Pay,1535.66,Pending
521,521,Card,1402.95,Pending
522,522,Apple Pay,373.02,Paid
523,523,PayPal,1338.86,Pending
524,524,Card,1461.87,Paid
525,525,Google Pay,1433.3,Paid
526,526,Bank Transfer,2157.06,Pending
527,527,Card,686.12,Pending
528,528,Bank Transfer,1885.18,Paid
529,529,Bank Transfer,1260.96,Pending
530,530,Google Pay,1196.58,Paid
531,531,Apple Pay,567.66,Paid
532,532,Google Pay,1137.03,Pending
533,533,Bank Transfer,792.61,Paid
534,534,Bank Transfer,1080.35,Pending
535,535,Bank Transfer,971.97,Pending
536,536,Apple Pay,494.14,Pending
537,537,Google Pay,1427.62,Paid
538,538,PayPal,1819.42,Paid
539,539,PayPal,605.01,Pending
540,540,Apple Pay,1153.63,Paid
541,541,Google Pay,1178.57,Paid
542,542,Apple Pay,803.67,Paid
543,543,Bank Transfer,1270.99,Paid
544,544,Apple Pay,1150.01,Pending
545,545,Apple Pay,1209.52,Paid
546,546,PayPal,1803.54,Pending
547,547,Card,2331.31,Paid
548,548,Card,1062.17,Paid
549,549,Apple Pay,1786.8,Pending
550,550,Google Pay,342.93,Pending
551,551,Apple Pay,680.18,Paid
552,552,PayPal,1498.93,Pending
553,553,Apple Pay,455.16,Paid
554,554,Bank Transfer,434.19,Paid
555,555,PayPal,2231.03,Paid
556,556,Google Pay,630.67,Paid
557,557,Bank Transfer,885.87,Paid
558,558,Bank Transfer,2217.28,Paid
559,559,Google Pay,2509.55,Paid
560,560,PayPal,686.22,Pending
561,561,PayPal,910.65,Paid
562,562,Bank Transfer,611.69,Pending
563,563,PayPal,1795.35,Paid
564,564,PayPal,1343.12,Pending
565,565,Bank Transfer,304.74,Pending
566,566,PayPal,2383.67,Paid
567,567,Card,3392.96,Paid
568,568,Bank Transfer,2444.38,Paid
569,569,Google Pay,2776.21,Paid
570,570,Card,398.33,Paid
571,571,Bank Transfer,1983.37,Paid
572,572,PayPal,1423.8,Pending
573,573,Bank Transfer,593.78,Paid
574,574,PayPal,1121.36,Pending
575,575,Card,1254.71,Paid
576,576,PayPal,49.42,Pending
577,577,Bank Transfer,2710.19,Pending
578,578,Apple Pay,955.76,Pending
579,579,PayPal,1500.46,Paid
580,580,Google Pay,1480.44,Pending
581,581,Bank Transfer,1435.24,Pending
582,582,Apple Pay,1918.89,Pending
583,583,PayPal,1975.96,Pending
584,584,Google Pay,364.64,Pending
585,585,PayPal,1566.7,Paid
586,586,Card,56.08,Paid
587,587,Apple Pay,2545.6,Pending
588,588,Google Pay,449.55,Paid
589,589,Apple Pay,815.4,Pending
590,590,Bank Transfer,2529.21,Pending
591,591,Google Pay,1551.28,Paid
592,592,Google Pay,3174.75,Pending
593,593,PayPal,377.47,Paid
594,594,Bank Transfer,1298.63,Pending
595,595,Google Pay,1286.05,Paid
596,596,Card,1455.43,Paid
597,597,Card,2495.51,Pending
598,598,Bank Transfer,3997.39,Pending
599,599,Card,3082.69,Pending
600,600,Apple Pay,4133.5,Paid
601,601,Google Pay,1326.15,Pending
602,602,Google Pay,2024.41,Paid
603,603,Google Pay,645.96,Paid
604,604,Apple Pay,863.58,Paid
605,605,Apple Pay,428.72,Paid
606,606,Apple Pay,869.47,Pending
607,607,Bank Transfer,1553.67,Paid
608,608,Bank Transfer,1032.32,Paid
609,609,Apple Pay,559.52,Paid
610,610,Card,2063.78,Pending
611,611,Apple Pay,285.44,Pending
612,612,Google Pay,870.22,Paid
613,613,PayPal,801.11,Paid
614,614,Card,1119.52,Pending
615,615,Google Pay,139.28,Paid
616,616,Bank Transfer,3334.4,Paid
617,617,Bank Transfer,2065.71,Pending
618,618,Apple Pay,2862.46,Pending
619,619,PayPal,1975.7,Paid
620,620,Bank Transfer,973.73,Paid
621,621,Bank Transfer,667.02,Paid
622,622,Bank Transfer,658.43,Paid
623,623,Bank Transfer,629.34,Paid
624,624,Bank Transfer,1256.31,Paid
625,625,PayPal,3406.02,Paid
626,626,PayPal,1659.12,Pending
627,627,Card,900.72,Paid
628,628,Apple Pay,668.0,Pending
629,629,Google Pay,937.37,Pending
630,630,Google Pay,221.67,Paid
631,631,Google Pay,302.49,Pending
632,632,Apple Pay,778.04,Paid
633,633,Apple Pay,500.32,Paid
634,634,Apple Pay,1495.91,Paid
635,635,Bank Transfer,685.15,Paid
636,636,PayPal,2082.5,Pending
637,637,Bank Transfer,2478.65,Pending
638,638,Card,1380.45,Paid
639,639,PayPal,2176.35,Paid
640,640,PayPal,583.35,Pending
641,641,PayPal,537.03,Paid
642,642,Google Pay,109.62,Paid
643,643,Apple Pay,1941.01,Pending
644,644,Apple Pay,1073.25,Pending
645,645,PayPal,432.42,Paid
646,646,PayPal,1681.84,Paid
647,647,Google Pay,1529.46,Paid
648,648,PayPal,928.0,Paid
649,649,Bank Transfer,2282.88,Paid
650,650,PayPal,463.26,Pending
651,651,PayPal,428.16,Pending
652,652,PayPal,1765.39,Pending
653,653,PayPal,1646.24,Pending
654,654,PayPal,1174.53,Pending
655,655,Bank Transfer,1302.57,Paid
656,656,Card,315.45,Paid
657,657,Apple Pay,1914.03,Paid
658,658,Google Pay,427.66,Paid
659,659,Card,431.99,Paid
660,660,Card,1648.57,Paid
661,661,Bank Transfer,764.64,Pending
662,662,Apple Pay,274.66,Paid
663,663,Apple Pay,641.66,Paid
664,664,Card,1782.16,Pending
665,665,Google Pay,192.15,Pending
666,666,Bank Transfer,3039.24,Pending
667,667,Bank Transfer,1378.62,Paid
668,668,Bank Transfer,2719.17,Paid
669,669,Google Pay,1336.05,Pending
670,670,Apple Pay,2060.54,Paid
671,671,Card,2291.7,Pending
672,672,PayPal,270.51,Pending
673,673,Card,1034.55,Paid
674,674,Apple Pay,851.49,Pending
675,675,Card,941.31,Paid
676,676,Bank Transfer,689.7,Pending
677,677,Card,446.88,Paid
678,678,Google Pay,1196.58,Pending
679,679,Google Pay,364.64,Paid
680,680,Bank Transfer,2553.78,Pending
681,681,Card,947.33,Pending
682,682,Card,771.21,Paid
683,683,Google Pay,603.87,Pending
684,684,Card,356.05,Pending
685,685,PayPal,2177.06,Pending
686,686,PayPal,1898.99,Paid
687,687,PayPal,257.88,Pending
688,688,Google Pay,69.64,Paid
689,689,Google Pay,1788.01,Pending
690,690,PayPal,626.34,Paid
691,691,Google Pay,929.92,Paid
692,692,Card,54.29,Paid
693,693,Google Pay,963.14,Pending
694,694,PayPal,627.53,Pending
695,695,Apple Pay,560.38,Paid
696,696,Apple Pay,1000.96,Paid
697,697,PayPal,1007.52,Pending
698,698,Bank Transfer,971.94,Paid
699,699,Apple Pay,1096.32,Pending
700,700,PayPal,2214.78,Pending
701,701,Apple Pay,1417.62,Pending
702,702,PayPal,1298.65,Pending
703,703,Google Pay,330.81,Pending
704,704,Bank Transfer,829.23,Paid
705,705,Bank Transfer,652.41,Pending
706,706,PayPal,1744.02,Pending
707,707,Apple Pay,382.32,Paid
708,708,PayPal,987.02,Pending
709,709,Apple Pay,2163.77,Paid
710,710,Bank Transfer,1280.37,Paid
711,711,Card,2379.02,Paid
712,712,PayPal,1113.83,Pending
713,713,Google Pay,1392.34,Pending
714,714,Bank Transfer,13.06,Pending
715,715,Google Pay,1224.88,Paid
716,716,PayPal,773.57,Paid
717,717,Card,1172.57,Pending
718,718,Card,608.32,Pending
719,719,Card,164.44,Pending
720,720,Google Pay,895.51,Paid
721,721,Google Pay,704.42,Pending
722,722,Card,412.04,Paid
723,723,Google Pay,1658.01,Paid
724,724,Apple Pay,406.03,Pending
725,725,Google Pay,2974.25,Paid
726,726,Apple Pay,151.29,Pending
727,727,PayPal,379.91,Paid
728,728,Card,2465.09,Pending
729,729,Google Pay,1339.25,Paid
730,730,PayPal,638.03,Paid
731,731,Card,217.47,Pending
732,732,Card,1224.47,Pending
733,733,Google Pay,1056.0,Paid
734,734,PayPal,531.05,Paid
735,735,Apple Pay,1687.77,Pending
736,736,Bank Transfer,1148.85,Paid
737,737,PayPal,1610.71,Paid
738,738,Card,338.39,Paid
739,739,PayPal,685.79,Paid
740,740,Bank Transfer,1888.61,Paid
741,741,Google Pay,1346.33,Pending
742,742,Apple Pay,2108.82,Paid
743,743,PayPal,2985.28,Paid
744,744,PayPal,3408.3,Pending
745,745,Bank Transfer,4023.02,Paid
746,746,Bank Transfer,398.33,Pending
747,747,Apple Pay,1167.66,Paid
748,748,Bank Transfer,687.54,Pending
749,749,Apple Pay,2721.69,Paid
750,750,PayPal,1653.81,Paid
751,751,Card,2298.45,Paid
752,752,Bank Transfer,878.59,Paid
753,753,Google Pay,386.82,Pending
754,754,Apple Pay,307.78,Paid
755,755,Google Pay,1685.62,Pending
756,756,Card,2623.35,Pending
757,757,Apple Pay,2458.03,Paid
758,758,Google Pay,2244.6,Paid
759,759,Apple Pay,682.86,Paid
760,760,Google Pay,2400.2,Pending
761,761,Apple Pay,1454.07,Pending
762,762,PayPal,1490.02,Pending
763,763,PayPal,2079.48,Paid
764,764,PayPal,766.59,Pending
765,765,PayPal,1185.02,Paid
766,766,Card,1729.0,Paid
767,767,Google Pay,2177.82,Paid
768,768,Card,1107.27,Paid
769,769,PayPal,1155.71,Pending
770,770,PayPal,944.01,Paid
771,771,Google Pay,677.08,Paid
772,772,Card,1630.8,Paid
773,773,Google Pay,75.71,Paid
774,774,Card,862.44,Paid
775,775,Card,947.31,Paid
776,776,Apple Pay,1748.58,Pending
777,777,Bank Transfer,1550.64,Paid
778,778,Google Pay,304.74,Paid
779,779,Apple Pay,644.01,Paid
780,780,Card,2268.22,Paid
781,781,Google Pay,1657.64,Paid
782,782,Card,1998.86,Pending
783,783,Bank Transfer,1082.54,Pending
784,784,Bank Transfer,1458.7,Paid
785,785,Bank Transfer,331.92,Pending
786,786,Card,1055.67,Paid
787,787,Apple Pay,1372.46,Paid
788,788,Google Pay,1029.6,Paid
789,789,Card,1923.36,Paid
790,790,PayPal,3225.65,Pending
791,791,Apple Pay,149.85,Paid
792,792,Apple Pay,1807.25,Paid
793,793,Apple Pay,1207.08,Pending
794,794,Google Pay,859.56,Pending
795,795,Bank Transfer,1137.58,Paid
796,796,Bank Transfer,794.31,Paid
797,797,PayPal,2835.89,Paid
798,798,Apple Pay,708.3,Paid
799,799,Bank Transfer,1290.15,Paid
800,800,PayPal,1022.43,Paid
801,801,Google Pay,3173.25,Paid
802,802,Card,1238.16,Paid
803,803,Card,574.53,Paid
804,804,Apple Pay,821.23,Pending
805,805,Bank Transfer,1686.93,Paid
806,806,Google Pay,889.84,Pending
807,807,Bank Transfer,652.13,Pending
808,808,Google Pay,1086.18,Pending
809,809,Bank Transfer,1565.52,Pending
810,810,Bank Transfer,4356.91,Paid
811,811,PayPal,672.33,Paid
812,812,PayPal,2488.28,Pending
813,813,Bank Transfer,407.7,Paid
814,814,Apple Pay,539.19,Pending
815,815,Bank Transfer,3652.08,Paid
816,816,PayPal,179.01,Paid
817,817,Bank Transfer,1537.38,Paid
818,818,Google Pay,2104.55,Paid
819,819,PayPal,1469.28,Paid
820,820,Google Pay,877.8,Pending
821,821,Bank Transfer,435.11,Paid
822,822,PayPal,1682.77,Pending
823,823,Google Pay,223.44,Paid
824,824,Bank Transfer,2185.71,Paid
825,825,PayPal,142.35,Paid
826,826,Google Pay,1580.37,Paid
827,827,PayPal,2587.44,Paid
828,828,Bank Transfer,1002.16,Pending
829,829,Bank Transfer,600.52,Pending
830,830,Apple Pay,594.26,Pending
831,831,PayPal,929.97,Paid
832,832,Apple Pay,1223.1,Pending
833,833,Bank Transfer,3012.69,Paid
834,834,Card,315.9,Pending
835,835,Card,1105.29,Pending
836,836,Bank Transfer,182.88,Paid
837,837,Card,873.58,Pending
838,838,Google Pay,1658.67,Pending
839,839,Bank Transfer,684.24,Pending
840,840,Apple Pay,631.8,Paid
841,841,PayPal,1185.63,Paid
842,842,PayPal,667.86,Paid
843,843,Card,1129.0,Pending
844,844,Apple Pay,732.78,Paid
845,845,Apple Pay,968.91,Pending
846,846,PayPal,469.1,Paid
847,847,PayPal,1302.57,Paid
848,848,Bank Transfer,102.4,Paid
849,849,Google Pay,1414.61,Paid
850,850,Apple Pay,492.82,Paid
851,851,Google Pay,255.3,Paid
852,852,PayPal,1112.17,Pending
853,853,PayPal,766.61,Paid
854,854,Bank Transfer,1128.8,Paid
855,855,Apple Pay,592.49,Paid
856,856,Card,315.9,Pending
857,857,Google Pay,1454.89,Pending
858,858,Apple Pay,398.86,Pending
859,859,Apple Pay,744.6,Paid
860,860,Google Pay,2079.03,Pending
861,861,Card,432.42,Paid
862,862,Bank Transfer,2027.93,Paid
863,863,PayPal,1639.59,Paid
864,864,PayPal,851.49,Paid
865,865,Bank Transfer,929.97,Pending
866,866,PayPal,579.97,Pending
867,867,Card,2161.48,Pending
868,868,PayPal,2325.94,Pending
869,869,PayPal,210.99,Pending
870,870,Bank Transfer,704.42,Pending
871,871,Bank Transfer,1123.46,Pending
872,872,Apple Pay,1402.46,Pending
873,873,Card,352.21,Pending
874,874,Apple Pay,47.91,Paid
875,875,Card,53.32,Paid
876,876,PayPal,693.8,Pending
877,877,PayPal,1797.63,Paid
878,878,Google Pay,2097.45,Paid
879,879,Apple Pay,1412.38,Pending
880,880,Google Pay,609.81,Pending
881,881,Google Pay,262.12,Pending
882,882,Google Pay,1544.77,Paid
883,883,Google Pay,481.57,Paid
884,884,PayPal,783.87,Pending
885,885,Card,446.88,Pending
886,886,Bank Transfer,577.83,Paid
887,887,Bank Transfer,1992.03,Paid
888,888,Apple Pay,401.02,Paid
889,889,Card,13.26,Paid
890,890,PayPal,1449.08,Paid
891,891,Card,2299.41,Paid
892,892,Bank Transfer,559.02,Paid
893,893,Bank Transfer,142.35,Paid
894,894,Apple Pay,1961.43,Pending
895,895,Apple Pay,870.22,Paid
896,896,PayPal,357.75,Paid
897,897,Apple Pay,1836.4,Pending
898,898,Google Pay,1093.52,Paid
899,899,Bank Transfer,2487.96,Pending
900,900,Google Pay,856.53,Pending
901,901,Card,408.82,Paid
902,902,PayPal,1689.88,Paid
903,903,PayPal,1306.92,Paid
904,904,Bank Transfer,1028.72,Paid
905,905,Card,276.63,Pending
906,906,Apple Pay,3790.96,Paid
907,907,Card,2562.06,Paid
908,908,Google Pay,478.9,Pending
909,909,Bank Transfer,582.33,Paid
910,910,Card,2734.42,Paid
911,911,Apple Pay,2153.05,Pending
912,912,Card,1066.01,Paid
913,913,Bank Transfer,318.22,Paid
914,914,Card,456.73,Paid
915,915,Google Pay,1399.66,Paid
916,916,Bank Transfer,2473.07,Paid
917,917,Google Pay,567.66,Paid
918,918,Card,1596.84,Paid
919,919,Bank Transfer,2199.57,Paid
920,920,Google Pay,616.82,Pending
921,921,PayPal,1051.33,Pending
922,922,PayPal,343.06,Pending
923,923,Apple Pay,1820.01,Paid
924,924,Google Pay,309.99,Paid
925,925,Google Pay,888.1,Paid
926,926,Google Pay,3636.37,Paid
927,927,Card,1381.05,Paid
928,928,Apple Pay,459.79,Pending
929,929,Apple Pay,1303.27,Pending
930,930,PayPal,1356.37,Pending
931,931,Google Pay,1196.89,Paid
932,932,Google Pay,49.22,Pending
933,933,Google Pay,1710.41,Paid
934,934,Google Pay,587.69,Paid
935,935,Apple Pay,481.57,Paid
936,936,Card,1263.69,Paid
937,937,Google Pay,501.18,Paid
938,938,PayPal,3128.65,Paid
939,939,Apple Pay,453.57,Pending
940,940,Google Pay,973.79,Pending
941,941,PayPal,395.52,Paid
942,942,PayPal,1285.06,Pending
943,943,Card,26.12,Pending
944,944,Google Pay,611.52,Pending
945,945,Card,670.99,Paid
946,946,Google Pay,810.97,Pending
947,947,Card,1499.76,Pending
948,948,Google Pay,2673.93,Pending
949,949,Bank Transfer,1717.15,Paid
950,950,Google Pay,933.42,Paid
951,951,PayPal,1688.77,Paid
952,952,Apple Pay,222.34,Paid
953,953,PayPal,2272.74,Paid
954,954,Google Pay,639.99,Pending
955,955,Google Pay,1404.46,Pending
956,956,Google Pay,1034.55,Paid
957,957,Card,425.12,Pending
958,958,Card,721.86,Pending
959,959,PayPal,1743.36,Paid
960,960,Apple Pay,1693.08,Paid
961,961,Card,342.12,Paid
962,962,Card,1053.66,Paid
963,963,PayPal,953.78,Paid
964,964,Google Pay,154.42,Pending
965,965,Card,1214.64,Paid
966,966,Apple Pay,274.66,Pending
967,967,Apple Pay,1302.57,Pending
968,968,Bank Transfer,40.06,Pending
969,969,Card,1003.04,Paid
970,970,Bank Transfer,1487.24,Paid
971,971,Apple Pay,2285.19,Pending
972,972,Google Pay,1542.65,Pending
973,973,Google Pay,357.68,Paid
974,974,Card,1219.17,Paid
975,975,Card,1388.99,Pending
976,976,Apple Pay,692.31,Pending
977,977,Card,455.24,Paid
978,978,Bank Transfer,1866.03,Paid
979,979,Bank Transfer,882.18,Paid
980,980,Google Pay,1711.43,Pending
981,981,PayPal,274.66,Pending
982,982,Card,4252.71,Pending
983,983,Card,2270.44,Paid
984,984,Bank Transfer,1057.32,Pending
985,985,Google Pay,210.3,Pending
986,986,PayPal,978.71,Paid
987,987,Apple Pay,1498.0,Pending
988,988,Apple Pay,819.85,Paid
989,989,Apple Pay,1946.29,Pending
990,990,Google Pay,2588.25,Pending
991,991,Card,1172.38,Pending
992,992,Card,922.47,Paid
993,993,Bank Transfer,2767.95,Paid
994,994,Google Pay,2266.47,Paid
995,995,Apple Pay,1271.77,Pending
996,996,Card,963.14,Paid
997,997,Apple Pay,1939.93,Paid
998,998,Bank Transfer,1272.71,Paid
999,999,Google Pay,1571.44,Pending
1000,1000,Card,1885.06,Paid
1001,1001,Card,228.74,Paid
1002,1002,PayPal,1242.94,Paid
1003,1003,PayPal,1701.37,Pending
1004,1004,PayPal,1164.96,Paid
1005,1005,Card,2514.2,Pending
1006,1006,Apple Pay,1492.6,Paid
1007,1007,Google Pay,1579.4,Paid
1008,1008,Card,1409.69,Paid
1009,1009,Apple Pay,2229.29,Paid
1010,1010,Bank Transfer,1798.37,Paid
1011,1011,PayPal,963.14,Paid
1012,1012,Card,1855.89,Paid
1013,1013,Bank Transfer,608.59,Paid
1014,1014,Card,530.68,Paid
1015,1015,Bank Transfer,667.86,Paid
1016,1016,PayPal,786.36,Paid
1017,1017,Apple Pay,2339.45,Paid
1018,1018,Card,1345.35,Paid
1019,1019,Apple Pay,230.07,Paid
1020,1020,PayPal,1296.68,Pending
1021,1021,Google Pay,1363.56,Paid
1022,1022,Google Pay,1580.31,Paid
1023,1023,Google Pay,276.77,Pending
1024,1024,PayPal,2051.16,Paid
1025,1025,Bank Transfer,1302.08,Paid
1026,1026,Card,2175.44,Paid
1027,1027,Bank Transfer,733.7,Paid
1028,1028,PayPal,499.94,Paid
1029,1029,Card,3093.43,Paid
1030,1030,Card,1351.63,Paid
1031,1031,Bank Transfer,305.76,Pending
1032,1032,Apple Pay,734.13,Pending
1033,1033,Card,3278.03,Paid
1034,1034,Google Pay,843.72,Paid
1035,1035,Apple Pay,1148.89,Paid
1036,1036,Card,333.93,Pending
1037,1037,PayPal,1442.49,Paid
1038,1038,Apple Pay,767.52,Paid
1039,1039,Google Pay,1634.46,Paid
1040,1040,Bank Transfer,222.93,Paid
1041,1041,Card,1354.85,Paid
1042,1042,Bank Transfer,1882.73,Pending
1043,1043,PayPal,2333.08,Paid
1044,1044,Bank Transfer,2414.94,Paid
1045,1045,Bank Transfer,2043.67,Pending
1046,1046,PayPal,667.02,Paid
1047,1047,PayPal,2754.36,Paid
1048,1048,Card,2985.84,Pending
1049,1049,Apple Pay,295.29,Pending
1050,1050,Google Pay,2852.8,Pending
1051,1051,PayPal,1153.08,Paid
1052,1052,PayPal,290.83,Paid
1053,1053,Bank Transfer,69.64,Pending
1054,1054,Card,1554.29,Paid
1055,1055,PayPal,194.45,Pending
1056,1056,Card,262.12,Paid
1057,1057,Apple Pay,457.48,Paid
1058,1058,Apple Pay,214.67,Paid
1059,1059,Bank Transfer,1793.67,Pending
1060,1060,Card,147.66,Pending
1061,1061,Google Pay,777.88,Paid
1062,1062,Bank Transfer,408.51,Paid
1063,1063,Bank Transfer,1291.3,Paid
1064,1064,Bank Transfer,153.6,Paid
1065,1065,Card,1414.22,Pending
1066,1066,Card,1498.51,Paid
1067,1067,Google Pay,995.59,Pending
1068,1068,Apple Pay,856.01,Pending
1069,1069,Card,204.41,Pending
1070,1070,PayPal,2230.73,Paid
1071,1071,Apple Pay,406.18,Paid
1072,1072,Card,1867.77,Paid
1073,1073,PayPal,1088.94,Pending
1074,1074,Apple Pay,2309.88,Paid
1075,1075,Google Pay,592.04,Pending
1076,1076,PayPal,969.12,Pending
1077,1077,PayPal,39.18,Paid
1078,1078,Apple Pay,1849.85,Pending
1079,1079,PayPal,2078.43,Paid
1080,1080,Card,358.02,Pending
1081,1081,Apple Pay,1935.53,Paid
1082,1082,Bank Transfer,2959.43,Pending
1083,1083,Google Pay,2234.7,Paid
1084,1084,Apple Pay,153.33,Paid
1085,1085,Apple Pay,945.87,Pending
1086,1086,Bank Transfer,274.66,Paid
1087,1087,Card,1037.44,Paid
1088,1088,Bank Transfer,2884.33,Paid
1089,1089,PayPal,1753.72,Paid
1090,1090,Bank Transfer,838.49,Paid
1091,1091,PayPal,168.24,Paid
1092,1092,Bank Transfer,255.3,Paid
1093,1093,Google Pay,1325.18,Pending
1094,1094,Google Pay,1226.82,Paid
1095,1095,Apple Pay,1882.38,Pending
1096,1096,Bank Transfer,964.68,Paid
1097,1097,Bank Transfer,1211.33,Pending
1098,1098,PayPal,1837.14,Paid
1099,1099,Bank Transfer,342.12,Paid
1100,1100,Bank Transfer,1103.18,Pending
1101,1101,Apple Pay,1500.3,Paid
1102,1102,Google Pay,302.49,Paid
1103,1103,Bank Transfer,2536.93,Paid
1104,1104,PayPal,1080.32,Pending
1105,1105,Apple Pay,498.34,Pending
1106,1106,PayPal,2430.47,Paid
1107,1107,Bank Transfer,102.4,Paid
1108,1108,Card,238.33,Paid
1109,1109,Google Pay,1066.23,Paid
1110,1110,Apple Pay,1151.72,Pending
1111,1111,Card,261.29,Pending
1112,1112,Bank Transfer,1071.36,Pending
1113,1113,Apple Pay,851.49,Paid
1114,1114,PayPal,1496.61,Pending
1115,1115,Bank Transfer,583.35,Paid
1116,1116,PayPal,1170.73,Pending
1117,1117,Apple Pay,882.19,Paid
1118,1118,PayPal,817.34,Paid
1119,1119,Bank Transfer,872.49,Paid
1120,1120,Bank Transfer,427.05,Pending
1121,1121,Apple Pay,13.06,Pending
1122,1122,Card,205.98,Pending
1123,1123,Apple Pay,601.2,Pending
1124,1124,Bank Transfer,2700.61,Paid
1125,1125,Bank Transfer,333.93,Paid
1126,1126,Card,143.73,Pending
1127,1127,PayPal,1595.92,Pending
1128,1128,PayPal,1530.33,Paid
1129,1129,Apple Pay,2477.95,Paid
1130,1130,PayPal,427.74,Pending
1131,1131,Card,1895.76,Paid
1132,1132,Apple Pay,1443.62,Paid
1133,1133,PayPal,1611.06,Paid
1134,1134,Apple Pay,1835.94,Paid
1135,1135,PayPal,1505.41,Paid
1136,1136,Bank Transfer,1361.36,Paid
1137,1137,Google Pay,1788.97,Paid
1138,1138,PayPal,2739.72,Paid
1139,1139,PayPal,389.58,Paid
1140,1140,Card,465.38,Paid
1141,1141,PayPal,1110.39,Paid
1142,1142,Card,2521.49,Paid
1143,1143,Bank Transfer,682.86,Pending
1144,1144,Card,3031.17,Paid
1145,1145,Google Pay,1178.8,Pending
1146,1146,Bank Transfer,457.48,Pending
1147,1147,Google Pay,1009.8,Paid
1148,1148,Google Pay,2059.24,Paid
1149,1149,PayPal,2293.5,Paid
1150,1150,Bank Transfer,963.14,Paid
1151,1151,Apple Pay,1322.58,Pending
1152,1152,Apple Pay,1775.66,Paid
1153,1153,Google Pay,2399.57,Pending
1154,1154,Card,386.82,Paid
1155,1155,PayPal,1619.75,Paid
1156,1156,Google Pay,2546.3,Paid
1157,1157,Apple Pay,667.86,Paid
1158,1158,PayPal,1482.52,Pending
1159,1159,PayPal,2174.19,Pending
1160,1160,PayPal,826.6,Pending
1161,1161,PayPal,338.49,Paid
1162,1162,Apple Pay,2552.45,Paid
1163,1163,Google Pay,742.36,Paid
1164,1164,Bank Transfer,2429.83,Paid
1165,1165,Bank Transfer,1930.09,Paid
1166,1166,PayPal,1994.55,Paid
1167,1167,PayPal,1343.14,Paid
1168,1168,PayPal,142.35,Paid
1169,1169,Google Pay,1108.99,Pending
1170,1170,PayPal,2537.13,Paid
1171,1171,Google Pay,931.6,Paid
1172,1172,Apple Pay,1949.31,Paid
1173,1173,Card,832.65,Paid
1174,1174,Card,682.77,Paid
1175,1175,Card,357.68,Pending
1176,1176,Card,1810.22,Pending
1177,1177,Card,2524.6,Pending
1178,1178,Card,183.43,Paid
1179,1179,Bank Transfer,1489.7,Paid
1180,1180,Bank Transfer,654.94,Paid
1181,1181,PayPal,592.81,Pending
1182,1182,PayPal,240.26,Paid
1183,1183,Apple Pay,168.44,Pending
1184,1184,Bank Transfer,139.28,Paid
1185,1185,Apple Pay,1338.21,Pending
1186,1186,Apple Pay,1440.82,Paid
1187,1187,PayPal,1327.38,Paid
1188,1188,PayPal,2309.31,Pending
1189,1189,Apple Pay,976.16,Paid
1190,1190,PayPal,2209.4,Paid
1191,1191,Google Pay,992.67,Pending
1192,1192,Apple Pay,237.72,Paid
1193,1193,Bank Transfer,1093.84,Paid
1194,1194,Bank Transfer,2094.18,Paid
1195,1195,Apple Pay,1789.71,Paid
1196,1196,Google Pay,929.68,Paid
1197,1197,Apple Pay,1279.48,Pending
1198,1198,Google Pay,658.61,Pending
1199,1199,PayPal,1302.57,Pending
1200,1200,Apple Pay,1672.91,Pending
1201,1201,PayPal,1129.1,Paid
1202,1202,Card,1068.86,Paid
1203,1203,Card,2093.59,Paid
1204,1204,Google Pay,1059.99,Paid
1205,1205,Apple Pay,662.24,Pending
1206,1206,Bank Transfer,2282.63,Paid
1207,1207,PayPal,686.22,Pending
1208,1208,Card,1457.24,Paid
1209,1209,PayPal,1486.68,Paid
1210,1210,Google Pay,2292.28,Paid
1211,1211,Apple Pay,217.47,Pending
1212,1212,PayPal,868.38,Pending
1213,1213,Apple Pay,2555.08,Pending
1214,1214,Apple Pay,3209.9,Paid
1215,1215,Bank Transfer,2382.81,Pending
1216,1216,Google Pay,1307.1,Pending
1217,1217,Bank Transfer,851.38,Pending
1218,1218,Card,1877.12,Paid
1219,1219,Google Pay,120.18,Paid
1220,1220,PayPal,1478.46,Paid
1221,1221,Bank Transfer,2126.05,Pending
1222,1222,Card,275.86,Paid
1223,1223,Google Pay,3012.44,Paid
1224,1224,Card,1226.27,Paid
1225,1225,Apple Pay,1299.41,Paid
1226,1226,Bank Transfer,769.83,Paid
1227,1227,PayPal,1582.59,Paid
1228,1228,PayPal,409.44,Pending
1229,1229,Bank Transfer,2219.88,Paid
1230,1230,Google Pay,2477.31,Paid
1231,1231,Google Pay,3617.37,Paid
1232,1232,Apple Pay,1205.06,Paid
1233,1233,Bank Transfer,1379.37,Pending
1234,1234,Google Pay,1945.1,Paid
1235,1235,PayPal,288.28,Pending
1236,1236,Google Pay,2391.07,Pending
1237,1237,Apple Pay,1653.49,Pending
1238,1238,Google Pay,2054.41,Pending
1239,1239,Google Pay,592.22,Pending
1240,1240,Bank Transfer,1888.21,Pending
1241,1241,Card,2925.81,Pending
1242,1242,PayPal,1703.03,Pending
1243,1243,Google Pay,2176.35,Paid
1244,1244,Apple Pay,1571.12,Pending
1245,1245,Card,457.11,Pending
1246,1246,Bank Transfer,1876.57,Pending
1247,1247,Card,1915.97,Paid
1248,1248,Card,1539.51,Pending
1249,1249,Card,1561.91,Paid
1250,1250,Google Pay,842.27,Paid
1251,1251,Apple Pay,1895.81,Paid
1252,1252,Apple Pay,2518.12,Paid
1253,1253,Bank Transfer,2901.37,Pending
1254,1254,PayPal,373.76,Paid
1255,1255,Bank Transfer,2873.13,Paid
1256,1256,Bank Transfer,1509.47,Paid
1257,1257,PayPal,2067.61,Pending
1258,1258,Card,1818.3,Paid
1259,1259,Bank Transfer,1814.44,Paid
1260,1260,Google Pay,213.33,Pending
1261,1261,PayPal,1183.53,Paid
1262,1262,Apple Pay,1632.0,Pending
1263,1263,PayPal,1419.5,Paid
1264,1264,Google Pay,1807.42,Pending
1265,1265,Bank Transfer,1435.74,Paid
1266,1266,PayPal,522.58,Pending
1267,1267,PayPal,2244.56,Pending
1268,1268,Apple Pay,935.09,Pending
1269,1269,Apple Pay,910.24,Pending
1270,1270,Apple Pay,377.27,Pending
1271,1271,PayPal,506.27,Paid
1272,1272,Bank Transfer,1343.73,Paid
1273,1273,PayPal,1525.7,Paid
1274,1274,Apple Pay,2865.82,Paid
1275,1275,Apple Pay,435.48,Pending
1276,1276,PayPal,2562.82,Pending
1277,1277,Apple Pay,1749.55,Paid
1278,1278,Bank Transfer,2077.11,Paid
1279,1279,PayPal,309.99,Paid
1280,1280,Apple Pay,3347.11,Pending
1281,1281,Apple Pay,144.14,Pending
1282,1282,Google Pay,2735.79,Paid
1283,1283,Apple Pay,850.6,Pending
1284,1284,Apple Pay,1355.01,Paid
1285,1285,Apple Pay,1072.52,Paid
1286,1286,Google Pay,1287.15,Paid
1287,1287,Card,35.49,Pending
1288,1288,Bank Transfer,1948.53,Paid
1289,1289,Bank Transfer,194.45,Paid
1290,1290,Bank Transfer,645.16,Paid
1291,1291,Apple Pay,3582.63,Paid
1292,1292,Card,2691.0,Pending
1293,1293,Card,920.7,Paid
1294,1294,Bank Transfer,2000.48,Paid
1295,1295,PayPal,1530.85,Paid
1296,1296,Bank Transfer,667.02,Paid
1297,1297,PayPal,1361.07,Pending
1298,1298,Google Pay,1597.57,Paid
1299,1299,Google Pay,2585.02,Paid
1300,1300,Card,1383.69,Paid
1301,1301,Card,2809.36,Paid
1302,1302,Google Pay,831.03,Pending
1303,1303,Card,1513.48,Paid
1304,1304,PayPal,1552.31,Pending
1305,1305,Google Pay,1719.67,Paid
1306,1306,Apple Pay,1431.27,Pending
1307,1307,PayPal,3563.5,Paid
1308,1308,Apple Pay,262.12,Paid
1309,1309,Google Pay,1315.23,Paid
1310,1310,Bank Transfer,98.44,Pending
1311,1311,Card,539.35,Paid
1312,1312,Card,2056.49,Paid
1313,1313,Card,1685.54,Pending
1314,1314,PayPal,667.89,Pending
1315,1315,Apple Pay,877.06,Paid
1316,1316,Apple Pay,525.21,Paid
1317,1317,PayPal,439.38,Pending
1318,1318,PayPal,70.33,Pending
1319,1319,Bank Transfer,1006.31,Paid
1320,1320,PayPal,1944.87,Paid
1321,1321,Apple Pay,2052.9,Paid
1322,1322,Bank Transfer,2894.62,Paid
1323,1323,Card,618.89,Paid
1324,1324,Google Pay,655.0,Paid
1325,1325,PayPal,697.38,Pending
1326,1326,Bank Transfer,931.9,Paid
1327,1327,PayPal,445.48,Paid
1328,1328,Bank Transfer,1453.5,Pending
1329,1329,Google Pay,910.32,Paid
1330,1330,Bank Transfer,1503.09,Pending
1331,1331,PayPal,862.44,Paid
1332,1332,Google Pay,253.77,Paid
1333,1333,Card,645.8,Paid
1334,1334,Apple Pay,342.23,Paid
1335,1335,PayPal,1899.07,Paid
1336,1336,Bank Transfer,147.66,Paid
1337,1337,Card,358.8,Paid
1338,1338,Apple Pay,742.38,Pending
1339,1339,Bank Transfer,295.14,Paid
1340,1340,Apple Pay,888.74,Pending
1341,1341,Card,585.34,Pending
1342,1342,Google Pay,837.64,Pending
1343,1343,Google Pay,3550.14,Paid
1344,1344,Card,322.58,Paid
1345,1345,Google Pay,2636.89,Pending
1346,1346,PayPal,3326.3,Paid
1347,1347,Card,364.64,Paid
1348,1348,Google Pay,2508.21,Paid
1349,1349,Apple Pay,2068.49,Pending
1350,1350,Apple Pay,1699.14,Paid
1351,1351,Google Pay,2753.92,Paid
1352,1352,PayPal,1386.18,Pending
1353,1353,Card,1105.42,Pending
1354,1354,PayPal,2929.81,Paid
1355,1355,Google Pay,137.93,Paid
1356,1356,PayPal,766.04,Pending
1357,1357,PayPal,603.85,Paid
1358,1358,Google Pay,767.31,Paid
1359,1359,Bank Transfer,1578.22,Pending
1360,1360,Apple Pay,1917.04,Pending
1361,1361,PayPal,2820.24,Pending
1362,1362,Google Pay,811.53,Paid
1363,1363,Bank Transfer,1838.17,Paid
1364,1364,Google Pay,1053.66,Paid
1365,1365,Bank Transfer,352.21,Pending
1366,1366,Card,906.89,Paid
1367,1367,Google Pay,1747.59,Pending
1368,1368,Apple Pay,696.51,Pending
1369,1369,Apple Pay,2314.01,Pending
1370,1370,PayPal,697.1,Paid
1371,1371,Google Pay,678.85,Pending
1372,1372,Bank Transfer,288.28,Paid
1373,1373,Apple Pay,2137.29,Pending
1374,1374,PayPal,1046.16,Pending
1375,1375,Card,2307.14,Paid
1376,1376,Bank Transfer,352.21,Paid
1377,1377,PayPal,1397.49,Paid
1378,1378,Bank Transfer,2044.57,Pending
1379,1379,Card,1649.8,Paid
1380,1380,PayPal,1074.89,Paid
1381,1381,Bank Transfer,1685.46,Paid
1382,1382,Apple Pay,69.64,Paid
1383,1383,Card,358.44,Pending
1384,1384,Card,1423.8,Pending
1385,1385,PayPal,2279.74,Paid
1386,1386,Bank Transfer,2104.64,Pending
1387,1387,Bank Transfer,1727.0,Pending
1388,1388,Apple Pay,1655.21,Paid
1389,1389,PayPal,797.72,Paid
1390,1390,Card,1292.66,Paid
1391,1391,Card,1019.41,Pending
1392,1392,Card,1283.64,Pending
1393,1393,PayPal,767.57,Paid
1394,1394,Apple Pay,1872.87,Paid
1395,1395,Card,1638.33,Pending
1396,1396,Card,1669.82,Pending
1397,1397,PayPal,611.52,Pending
1398,1398,Card,47.91,Paid
1399,1399,Apple Pay,1136.75,Paid
1400,1400,Card,1204.88,Pending
1401,1401,PayPal,1488.54,Paid
1402,1402,Card,373.02,Paid
1403,1403,Bank Transfer,1550.69,Pending
1404,1404,PayPal,194.45,Paid
1405,1405,Google Pay,1212.27,Paid
1406,1406,PayPal,228.74,Pending
1407,1407,Card,429.34,Pending
1408,1408,Card,2299.1,Pending
1409,1409,PayPal,1381.05,Pending
1410,1410,PayPal,481.57,Paid
1411,1411,Bank Transfer,954.9,Paid
1412,1412,Google Pay,1295.37,Paid
1413,1413,PayPal,2593.89,Pending
1414,1414,Google Pay,2158.58,Pending
1415,1415,Google Pay,1056.13,Paid
1416,1416,PayPal,667.86,Paid
1417,1417,Apple Pay,529.29,Pending
1418,1418,Apple Pay,2783.5,Pending
1419,1419,Bank Transfer,581.25,Paid
1420,1420,Apple Pay,239.58,Pending
1421,1421,PayPal,2209.73,Paid
1422,1422,Google Pay,1384.38,Pending
1423,1423,Apple Pay,1648.56,Paid
1424,1424,PayPal,2496.92,Paid
1425,1425,Card,127.65,Pending
1426,1426,Apple Pay,172.19,Paid
1427,1427,Apple Pay,275.7,Paid
1428,1428,PayPal,815.34,Pending
1429,1429,Google Pay,120.18,Pending
1430,1430,Card,2326.7,Pending
1431,1431,Google Pay,2605.48,Pending
1432,1432,Card,1285.6,Paid
1433,1433,PayPal,1176.0,Paid
1434,1434,Google Pay,1764.25,Paid
1435,1435,Card,2952.74,Pending
1436,1436,Apple Pay,296.84,Paid
1437,1437,Card,2450.38,Pending
1438,1438,Bank Transfer,1326.87,Paid
1439,1439,Card,535.12,Pending
1440,1440,Apple Pay,1959.17,Paid
1441,1441,Google Pay,576.49,Paid
1442,1442,Card,431.79,Paid
1443,1443,Card,1085.72,Paid
1444,1444,Google Pay,1379.37,Paid
1445,1445,PayPal,1293.66,Paid
1446,1446,Card,438.53,Paid
1447,1447,Apple Pay,1703.46,Paid
1448,1448,Apple Pay,1379.41,Paid
1449,1449,Bank Transfer,86.93,Pending
1450,1450,Bank Transfer,304.41,Paid
1451,1451,Apple Pay,381.93,Paid
1452,1452,Google Pay,1001.57,Pending
1453,1453,Apple Pay,890.52,Paid
1454,1454,Apple Pay,636.44,Paid
1455,1455,Google Pay,382.95,Pending
1456,1456,Card,2021.46,Paid
1457,1457,Apple Pay,2656.92,Paid
1458,1458,Google Pay,1091.31,Paid
1459,1459,Google Pay,2688.66,Pending
1460,1460,PayPal,2619.67,Paid
1461,1461,PayPal,354.44,Paid
1462,1462,PayPal,524.24,Paid
1463,1463,Google Pay,1300.38,Paid
1464,1464,Bank Transfer,1216.0,Paid
1465,1465,Apple Pay,1115.82,Paid
1466,1466,Apple Pay,1548.68,Pending
1467,1467,PayPal,1580.42,Paid
1468,1468,PayPal,1833.1,Pending
1469,1469,PayPal,370.74,Pending
1470,1470,Card,1239.9,Pending
1471,1471,Apple Pay,1901.0,Pending
1472,1472,Apple Pay,579.19,Pending
1473,1473,Bank Transfer,323.77,Paid
1474,1474,PayPal,2879.92,Paid
1475,1475,Card,546.96,Pending
1476,1476,Apple Pay,1149.71,Pending
1477,1477,Card,1361.54,Paid
1478,1478,Card,2032.99,Paid
1479,1479,PayPal,757.28,Paid
1480,1480,Apple Pay,137.33,Paid
1481,1481,Card,1910.22,Paid
1482,1482,Bank Transfer,1135.49,Paid
1483,1483,PayPal,557.41,Paid
1484,1484,Apple Pay,1012.91,Pending
1485,1485,Bank Transfer,823.43,Pending
1486,1486,Google Pay,533.53,Pending
1487,1487,Bank Transfer,427.34,Paid
1488,1488,Apple Pay,816.62,Paid
1489,1489,Google Pay,350.14,Pending
1490,1490,Bank Transfer,108.89,Pending
1491,1491,Google Pay,936.99,Paid
1492,1492,Bank Transfer,811.53,Pending
1493,1493,Apple Pay,1534.24,Pending
1494,1494,Google Pay,1013.5,Paid
1495,1495,PayPal,1329.62,Pending
1496,1496,Bank Transfer,1341.49,Paid
1497,1497,PayPal,112.83,Pending
1498,1498,Google Pay,1926.44,Paid
1499,1499,Card,1396.73,Pending
1500,1500,Apple Pay,255.77,Pending
1501,1501,PayPal,2268.68,Pending
1502,1502,Card,1316.18,Paid
1503,1503,Google Pay,2003.38,Paid
1504,1504,Google Pay,261.29,Paid
1505,1505,PayPal,1463.03,Pending
1506,1506,Card,924.66,Pending
1507,1507,Card,957.92,Paid
1508,1508,Card,948.04,Paid
1509,1509,Bank Transfer,2032.25,Pending
1510,1510,Bank Transfer,127.42,Pending
1511,1511,Apple Pay,331.96,Paid
1512,1512,Google Pay,1544.6,Pending
1513,1513,PayPal,208.92,Paid
1514,1514,Google Pay,1832.31,Pending
1515,1515,Bank Transfer,494.14,Paid
1516,1516,Apple Pay,291.39,Pending
1517,1517,PayPal,2549.48,Paid
1518,1518,Google Pay,686.22,Pending
1519,1519,Card,427.05,Paid
1520,1520,Card,955.34,Paid
1521,1521,PayPal,182.32,Paid
1522,1522,Card,460.14,Paid
1523,1523,Apple Pay,917.28,Pending
1524,1524,Google Pay,2178.77,Paid
1525,1525,Card,255.3,Pending
1526,1526,Google Pay,690.21,Paid
1527,1527,Card,2366.25,Paid
1528,1528,Card,1240.79,Pending
1529,1529,Apple Pay,1135.56,Paid
1530,1530,PayPal,775.94,Pending
1531,1531,Bank Transfer,1825.77,Paid
1532,1532,Google Pay,917.28,Paid
1533,1533,Google Pay,871.3,Paid
1534,1534,Google Pay,398.78,Paid
1535,1535,PayPal,815.78,Pending
1536,1536,PayPal,2087.21,Pending
1537,1537,Apple Pay,173.86,Pending
1538,1538,Apple Pay,673.76,Paid
1539,1539,Apple Pay,318.22,Pending
1540,1540,Bank Transfer,1068.41,Pending
1541,1541,PayPal,1864.89,Paid
1542,1542,PayPal,398.33,Paid
1543,1543,Bank Transfer,13.06,Pending
1544,1544,Apple Pay,728.17,Pending
1545,1545,PayPal,579.3,Paid
1546,1546,PayPal,1444.71,Pending
1547,1547,Apple Pay,1297.62,Paid
1548,1548,Card,499.94,Pending
1549,1549,Google Pay,1166.28,Paid
1550,1550,Google Pay,542.91,Paid
1551,1551,Card,1618.78,Paid
1552,1552,Card,3217.11,Paid
1553,1553,Bank Transfer,2535.11,Pending
1554,1554,Bank Transfer,4199.16,Pending
1555,1555,Apple Pay,604.98,Paid
1556,1556,Apple Pay,690.21,Pending
1557,1557,Bank Transfer,1313.89,Pending
1558,1558,Google Pay,1508.94,Paid
1559,1559,Apple Pay,2538.96,Pending
1560,1560,Apple Pay,937.38,Paid
1561,1561,Google Pay,1192.5,Paid
1562,1562,Google Pay,1452.17,Pending
1563,1563,Google Pay,763.86,Paid
1564,1564,Google Pay,1011.52,Pending
1565,1565,Google Pay,706.66,Pending
1566,1566,Card,399.0,Paid
1567,1567,PayPal,1472.09,Paid
1568,1568,Apple Pay,227.62,Pending
1569,1569,Bank Transfer,1927.09,Paid
1570,1570,Apple Pay,168.24,Paid
1571,1571,Card,579.45,Pending
1572,1572,PayPal,1705.17,Paid
1573,1573,Apple Pay,152.37,Paid
1574,1574,Google Pay,1650.86,Pending
1575,1575,Bank Transfer,2557.92,Pending
1576,1576,Card,1212.62,Paid
1577,1577,Apple Pay,1277.85,Pending
1578,1578,Google Pay,921.18,Paid
1579,1579,Card,859.37,Paid
1580,1580,Google Pay,887.4,Paid
1581,1581,PayPal,1015.88,Paid
1582,1582,Card,921.48,Pending
1583,1583,Bank Transfer,947.7,Paid
1584,1584,Apple Pay,1008.53,Paid
1585,1585,Bank Transfer,1589.52,Pending
1586,1586,PayPal,445.51,Paid
1587,1587,Apple Pay,299.0,Paid
1588,1588,PayPal,2094.94,Paid
1589,1589,Google Pay,346.22,Paid
1590,1590,Google Pay,1741.84,Paid
1591,1591,PayPal,438.53,Paid
1592,1592,Card,223.44,Paid
1593,1593,Google Pay,1759.54,Pending
1594,1594,PayPal,2765.21,Paid
1595,1595,Google Pay,587.21,Paid
1596,1596,PayPal,826.6,Paid
1597,1597,PayPal,1155.0,Pending
1598,1598,Google Pay,525.69,Pending
1599,1599,PayPal,1158.79,Pending
1600,1600,Google Pay,1778.06,Paid
1601,1601,Card,369.72,Paid
1602,1602,Bank Transfer,1382.22,Paid
1603,1603,Google Pay,1047.61,Paid
1604,1604,Bank Transfer,2114.54,Pending
1605,1605,Bank Transfer,3169.74,Pending
1606,1606,PayPal,1784.59,Paid
1607,1607,PayPal,776.36,Paid
1608,1608,Card,1259.56,Paid
1609,1609,PayPal,1147.75,Paid
1610,1610,Apple Pay,321.36,Paid
1611,1611,Apple Pay,1652.55,Pending
1612,1612,Google Pay,1702.84,Pending
1613,1613,Apple Pay,1809.18,Paid
1614,1614,Google Pay,520.4,Pending
1615,1615,Apple Pay,1762.48,Pending
1616,1616,Google Pay,2485.46,Paid
1617,1617,Card,344.38,Pending
1618,1618,Apple Pay,2259.33,Pending
1619,1619,Card,1939.8,Paid
1620,1620,PayPal,360.56,Paid
1621,1621,Apple Pay,753.58,Pending
1622,1622,Apple Pay,704.42,Paid
1623,1623,Card,326.67,Pending
1624,1624,Apple Pay,2622.03,Pending
1625,1625,Google Pay,2812.4,Pending
1626,1626,PayPal,210.3,Paid
1627,1627,Google Pay,933.66,Pending
1628,1628,PayPal,1788.19,Paid
1629,1629,Google Pay,481.57,Paid
1630,1630,Google Pay,1278.69,Paid
1631,1631,Apple Pay,1904.86,Paid
1632,1632,Google Pay,1592.06,Paid
1633,1633,Google Pay,2448.51,Pending
1634,1634,Card,612.51,Pending
1635,1635,PayPal,271.14,Paid
1636,1636,Card,799.78,Pending
1637,1637,PayPal,1143.34,Paid
1638,1638,Bank Transfer,2362.01,Paid
1639,1639,Apple Pay,1193.93,Paid
1640,1640,Google Pay,706.66,Pending
1641,1641,Card,826.99,Paid
1642,1642,PayPal,1065.74,Pending
1643,1643,Card,333.93,Pending
1644,1644,Bank Transfer,3137.39,Pending
1645,1645,Card,232.34,Pending
1646,1646,Google Pay,1365.47,Pending
1647,1647,Apple Pay,3163.64,Paid
1648,1648,PayPal,960.73,Pending
1649,1649,PayPal,634.12,Paid
1650,1650,PayPal,889.84,Paid
1651,1651,Google Pay,28.8,Paid
1652,1652,Google Pay,1258.15,Pending
1653,1653,Card,1461.87,Paid
1654,1654,Google Pay,2774.98,Paid
1655,1655,Google Pay,917.25,Paid
1656,1656,Google Pay,4663.35,Paid
1657,1657,PayPal,1125.89,Pending
1658,1658,Apple Pay,321.36,Paid
1659,1659,Bank Transfer,1853.78,Paid
1660,1660,Apple Pay,2235.58,Pending
1661,1661,Apple Pay,1461.21,Pending
1662,1662,Google Pay,1933.46,Paid
1663,1663,Apple Pay,444.68,Pending
1664,1664,Card,1562.88,Paid
1665,1665,PayPal,1504.62,Paid
1666,1666,Bank Transfer,102.22,Paid
1667,1667,Card,2108.17,Pending
1668,1668,Bank Transfer,1919.57,Paid
1669,1669,Google Pay,706.66,Pending
1670,1670,Card,993.84,Paid
1671,1671,Google Pay,344.85,Paid
1672,1672,Google Pay,628.94,Paid
1673,1673,PayPal,2199.02,Pending
1674,1674,Bank Transfer,2895.11,Paid
1675,1675,Apple Pay,36.56,Paid
1676,1676,Bank Transfer,299.7,Pending
1677,1677,PayPal,1508.06,Paid
1678,1678,Card,754.83,Paid
1679,1679,PayPal,373.69,Paid
1680,1680,Card,2023.8,Paid
1681,1681,PayPal,1489.39,Pending
1682,1682,PayPal,1411.32,Paid
1683,1683,Google Pay,1545.47,Paid
1684,1684,Google Pay,1442.89,Paid
1685,1685,Google Pay,1784.38,Pending
1686,1686,Google Pay,1082.01,Paid
1687,1687,Bank Transfer,822.28,Pending
1688,1688,Card,2847.49,Paid
1689,1689,Bank Transfer,318.31,Paid
1690,1690,PayPal,1038.25,Pending
1691,1691,Apple Pay,1340.62,Pending
1692,1692,Bank Transfer,1455.57,Paid
1693,1693,Apple Pay,1908.85,Paid
1694,1694,Card,2559.28,Pending
1695,1695,Google Pay,736.08,Paid
1696,1696,Card,1453.58,Paid
1697,1697,Card,1182.22,Pending
1698,1698,Bank Transfer,574.38,Pending
1699,1699,Apple Pay,1059.99,Paid
1700,1700,Bank Transfer,1304.53,Paid
1701,1701,Google Pay,1600.5,Pending
1702,1702,Bank Transfer,151.29,Paid
1703,1703,Card,1323.58,Paid
1704,1704,Google Pay,1336.86,Paid
1705,1705,PayPal,411.99,Paid
1706,1706,Apple Pay,2556.62,Paid
1707,1707,Card,1448.04,Paid
1708,1708,Bank Transfer,3444.6,Paid
1709,1709,PayPal,2246.54,Paid
1710,1710,PayPal,1661.67,Paid
1711,1711,PayPal,1881.67,Pending
1712,1712,PayPal,1581.93,Paid
1713,1713,Bank Transfer,1012.5,Paid
1714,1714,Bank Transfer,208.92,Pending
1715,1715,Google Pay,287.12,Paid
1716,1716,Bank Transfer,494.14,Paid
1717,1717,Google Pay,302.58,Pending
1718,1718,Card,791.6,Paid
1719,1719,Card,2161.52,Paid
1720,1720,Apple Pay,260.79,Pending
1721,1721,Apple Pay,261.29,Pending
1722,1722,PayPal,1890.05,Paid
1723,1723,Bank Transfer,1618.95,Pending
1724,1724,Card,916.67,Paid
1725,1725,Card,542.7,Paid
1726,1726,PayPal,1104.77,Paid
1727,1727,Apple Pay,454.87,Paid
1728,1728,Google Pay,946.62,Pending
1729,1729,Bank Transfer,3645.97,Pending
1730,1730,Card,435.11,Paid
1731,1731,Bank Transfer,813.42,Pending
1732,1732,Bank Transfer,374.28,Paid
1733,1733,PayPal,910.32,Paid
1734,1734,Apple Pay,1992.57,Paid
1735,1735,PayPal,1028.47,Pending
1736,1736,Card,1066.54,Pending
1737,1737,Apple Pay,2058.02,Pending
1738,1738,Bank Transfer,809.99,Pending
1739,1739,Card,2368.62,Paid
1740,1740,Bank Transfer,2813.72,Paid
1741,1741,Apple Pay,2024.65,Paid
1742,1742,Apple Pay,382.95,Pending
1743,1743,PayPal,1056.58,Paid
1744,1744,PayPal,1186.46,Pending
1745,1745,PayPal,1186.45,Paid
1746,1746,Card,2036.96,Paid
1747,1747,Bank Transfer,1908.59,Paid
1748,1748,PayPal,487.29,Paid
1749,1749,Card,344.38,Pending
1750,1750,Google Pay,428.16,Pending
1751,1751,Google Pay,648.53,Pending
1752,1752,Bank Transfer,1208.33,Paid
1753,1753,Bank Transfer,1244.03,Pending
1754,1754,PayPal,881.87,Paid
1755,1755,Apple Pay,939.33,Pending
1756,1756,Apple Pay,230.07,Paid
1757,1757,PayPal,1651.33,Pending
1758,1758,PayPal,1289.7,Pending
1759,1759,Apple Pay,708.81,Paid
1760,1760,Google Pay,477.45,Pending
1761,1761,PayPal,413.79,Pending
1762,1762,Bank Transfer,1621.92,Paid
1763,1763,Google Pay,212.07,Pending
1764,1764,Card,1244.06,Paid
1765,1765,Google Pay,210.99,Paid
1766,1766,Bank Transfer,1793.79,Paid
1767,1767,Card,1234.17,Paid
1768,1768,Bank Transfer,2235.3,Paid
1769,1769,Apple Pay,1999.25,Paid
1770,1770,Bank Transfer,2733.13,Pending
1771,1771,Apple Pay,813.42,Pending
1772,1772,Card,979.72,Paid
1773,1773,PayPal,216.94,Pending
1774,1774,Google Pay,4122.21,Pending
1775,1775,PayPal,925.42,Paid
1776,1776,Apple Pay,950.82,Paid
1777,1777,Apple Pay,787.0,Pending
1778,1778,Bank Transfer,1444.71,Pending
1779,1779,Google Pay,56.08,Paid
1780,1780,Bank Transfer,1436.9,Pending
1781,1781,Google Pay,1456.11,Pending
1782,1782,Apple Pay,2269.08,Paid
1783,1783,Bank Transfer,2392.93,Paid
1784,1784,Google Pay,11.83,Paid
1785,1785,Bank Transfer,2246.02,Paid
1786,1786,Card,1604.54,Paid
1787,1787,Apple Pay,947.7,Pending
1788,1788,Apple Pay,767.31,Pending
1789,1789,Bank Transfer,1567.39,Pending
1790,1790,Apple Pay,901.12,Pending
1791,1791,PayPal,2210.54,Pending
1792,1792,Bank Transfer,721.97,Pending
1793,1793,Card,3151.58,Pending
1794,1794,Card,868.83,Pending
1795,1795,Card,939.8,Paid
1796,1796,PayPal,2052.97,Paid
1797,1797,Apple Pay,1113.17,Paid
1798,1798,Bank Transfer,920.04,Pending
1799,1799,Bank Transfer,261.29,Paid
1800,1800,PayPal,1642.96,Paid
